Data de Cadastro;Nº Fogo; Medida;Calibragem Máxima; Marca; Modelo;Nº de Série; Vida;Posição Início ;Situação ;Localização ;Veículo Atual;Km Inicial Veículo;Km Final Veículo;Km Rodado; Suco 01; Suco 02; Suco 03; Suco 04; Ativo; Cadastrado
10/01/2022;0001;215/75R;100;BRIDGESTONE;M814; 0; 1;DE;NOVO;DIANTEIRO;PSZ-2448; 111949;; ; 14; 14; 14; 0;SIM;Makson
10/01/2022;0002;215/75R;100;BRIDGESTONE;M814; 0; 1;DD;NOVO;DIANTEIRO;PSZ-2448; 111949;; ; 14; 14; 14; 0;SIM;Makson
10/01/2022;0003;215/75R;100;BRIDGESTONE;M814; 0; 1;TEE;NOVO;TRASEIRO;PSZ-2448; 111949;; ; 14; 14; 14; 0;SIM;Makson
10/01/2022;0004;215/75R;100;BRIDGESTONE;M814; 0; 1;TEI;NOVO;TRASEIRO;PSZ-2448; 111949;; ; 14; 14; 14; 0;SIM;Makson
10/01/2022;0005;215/75R;100;BRIDGESTONE;M814; 0; 1;TDE;NOVO;TRASEIRO;PSZ-2448; 111949;; ; 14; 14; 14; 0;SIM;Makson
10/01/2022;0006;215/75R;100;BRIDGESTONE;M814; 0; 1;TDI;NOVO;TRASEIRO;PSZ-2448; 111949;; ; 14; 14; 14; 0;SIM;Makson
10/01/2022;0007;215/75R;100;MICHELIN;XZE2; 0; 2;STP1;RECAPADO;STEP;PSZ-2448; 111949;; ; 14; 14; 14; 14;SIM;Makson
10/01/2022;0008;215/75R;100;MICHELIN;XZE2; 0; 1;DE;NOVO;DIANTEIRO;OJI-0891; 190838;; ; 9; 9; 9; 9;SIM;Makson
10/01/2022;0009;215/75R;100;MICHELIN;XZE2; 0; 1;DD;NOVO;DIANTEIRO;OJI-0891; 190838;; ; 10; 10; 10; 10;SIM;Makson
10/01/2022;0010;215/75R;100;GOODYEAR;XZE2; 0; 1;TEE;NOVO;TRASEIRO;OJI-0891; 190838;; ; 7; 7; 7; 7;SIM;Makson
10/01/2022;0011;215/75R;100;GOODYEAR;RHS; 0; 1;TEI;NOVO;TRASEIRO;OJI-0891; 190838;; ; 8; 8; 8; 0;SIM;Makson
10/01/2022;0012;215/75R;100;MICHELIN;XZE2; 0; 1;TDE;NOVO;TRASEIRO;OJI-0891; 190838;; ; 8; 8; 8; 0;SIM;Makson
10/01/2022;0013;215/75R;100;MICHELIN;XZE2; 0; 1;TDI;NOVO;TRASEIRO;OJI-0891; 190838;; ; 9; 9; 9; 0;SIM;Makson
10/01/2022;0014;215/75R;100;MICHELIN;RHS; 0; 1;STP1;NOVO;STEP;OJI-0891; 190838;; ; 9; 9; 9; 0;SIM;Makson
10/01/2022;0015;215/75R;100;MICHELIN;XZE2; 0; 1;DE;NOVO;DIANTEIRO;PSO-6859; 111580;; ; 12; 12; 12; 0;SIM;Makson
10/01/2022;0016;215/75R;100;MICHELIN;XZE2; 0; 1;DD;NOVO;DIANTEIRO;PSO-6859; 111580;; ; 12; 12; 12; 0;SIM;Makson
10/01/2022;0017;215/75R;100;MICHELIN;XZE2; 0; 1;TEE;NOVO;TRASEIRO;PSO-6859; 111580;; ; 12; 12; 12; 0;SIM;Makson
10/01/2022;0018;215/75R;100;MICHELIN;XZE2; 0; 1;TEI;NOVO;TRASEIRO;PSO-6859; 111580;; ; 12; 12; 12; 0;SIM;Makson
10/01/2022;0019;215/75R;100;MICHELIN;XZE2; 0; 1;TDE;NOVO;TRASEIRO;PSO-6859; 111580;; ; 11; 11; 11; 0;SIM;Makson
10/01/2022;0020;215/75R;100;MICHELIN;XZE2; 0; 1;TDI;NOVO;TRASEIRO;PSO-6859; 111580;; ; 11; 11; 11; 0;SIM;Makson
10/01/2022;0021;215/75R;110;GOODYEAR;RHS; 0; 2;ESTO;RECAPADO;Descartado;00000; 0;158957; 158957; 14; 14; 14; 14;NÃO;Makson
19/01/2022;0022;215/75R;100;MICHELIN;XZE2; 0; 1;DE;NOVO;DIANTEIRO;PSZ-3516; 110802;; ; 12; 12; 12; 0;SIM;Makson
19/01/2022;0023;215/75R;100;MICHELIN;XZE2; 0; 1;DD;NOVO;DIANTEIRO;PSZ-3516; 110802;; ; 12; 12; 12; 0;SIM;Makson
19/01/2022;0024;215/75R;100;MICHELIN;XZE2; 0; 1;TEE;NOVO;TRASEIRO;PSZ-3516; 110802;; ; 12; 12; 12; 0;SIM;Makson
19/01/2022;0025;215/75R;100;MICHELIN;XZE2; 0; 1;TEI;NOVO;TRASEIRO;PSZ-3516; 110802;; ; 12; 12; 12; 0;SIM;Makson
19/01/2022;0026;215/75R;100;MICHELIN;XZE2; 0; 1;TDE;NOVO;TRASEIRO;PSZ-3516; 110802;; ; 12; 12; 12; 0;SIM;Makson
19/01/2022;0027;215/75R;100;MICHELIN;XZE2; 0; 1;TDI;NOVO;TRASEIRO;PSZ-3516; 110802;; ; 12; 12; 12; 0;SIM;Makson
19/01/2022;0028;215/75R;100;GOODYEAR;RHS; 0; 2;STP1;RECAPADO;STEP;PSZ-3516; 110802;; ; 6; 6; 6; 0;SIM;Makson
19/01/2022;0029;215/75R;100;MICHELIN;XZE2; 0; 1;DE;NOVO;DIANTEIRO;OIX-9855; 189095;; ; 10; 10; 10; 0;SIM;Makson
19/01/2022;0030;215/75R;100;MICHELIN;XZE2; 0; 1;DD;NOVO;Descartado;00000; 0;192394; 133825; 10; 10; 10; 0;NÃO;Makson
19/01/2022;0031;215/75R;100;GOODYEAR;RHS; 0; 1;TEE;NOVO;TRASEIRO;OIX-9855; 189095;; ; 6; 6; 6; 0;SIM;Makson
19/01/2022;0032;215/75R;100;GOODYEAR;RHS; 0; 1;TEI;NOVO;TRASEIRO;OIX-9855; 189095;; ; 6; 6; 6; 0;SIM;Makson
19/01/2022;0033;215/75R;100;GOODYEAR;RHS; 0; 1;TDE;NOVO;TRASEIRO;OIX-9855; 189095;; ; 9; 9; 9; 0;SIM;Makson
19/01/2022;0034;215/75R;100;MICHELIN;XZE2; 0; 1;TDI;NOVO;TRASEIRO;OIX-9855; 189095;; ; 8; 8; 8; 0;SIM;Makson
19/01/2022;0035;215/75R;100;BFGOODRICH;ST250; 0; 1;ESTO;NOVO;Descartado;00000; 189095;189992; 897; 4; 4; 4; 0;NÃO;Makson
19/01/2022;0036;215/75R;100;GOODYEAR;RHS; 0; 1;ESTO;NOVO;Descartado;00000; 158957;153765; -5192; 11; 10; 10; 10;NÃO;Makson
19/01/2022;0037;215/75R;110;GOODYEAR;RHS; 0; 1;ESTO;NOVO;Descartado;00000; 0;158957; 158957; 4; 4; 5; 4;NÃO;Makson
19/01/2022;0038;215/75R;110;GOODYEAR;RHS; 0; 2;TEI;encapado;TRASEIRO;ROG-0G63; 3683;; 158957; 3; 3; 3; 4;SIM;Makson
19/01/2022;0039;215/75R;100;GOODYEAR;RHS; 0; 1;ESTO;NOVO;ESTOQUE;EXX-0001; 153047;; ; 3; 3; 3; 0;SIM;Makson
19/01/2022;0040;215/75R;110;PIRELLI;MC-10; 0; 2;TEI;RECAPADO;TRASEIRO;QCG-9H67; 150323;; ; 7; 6; 0; 0;SIM;Makson
19/01/2022;0041;215/75R;110;PIRELLI;MC-10; 0; 2;ESTO;RECAPADO;Descartado;00000; 0;158957; 158957; 4; 6; 0; 0;NÃO;Makson
19/01/2022;0042;215/75R;110;GOODYEAR;RHS; 0; 2;TEE;RECAPADO;TRASEIRO;QCG-9H67; 150323;; ; 14; 14; 13; 14;SIM;Makson
19/01/2022;0043;215/75R;100;GOODYEAR;RHS; 0; 2;ESTO;RECAPADO;Descartado;00000; 153047;158957; 5910; 14; 13; 13; 14;NÃO;Makson
19/01/2022;00036;275/75R;115;GOODYEAR;KMAX; 0; 1;DE;NOVO;DIANTEIRO;0000; 59316;597370; 538054; 10; 10; 10; 10;NÃO;Makson
19/01/2022;0045;275/75R;115;GOODYEAR;KMAX; 0; 1;ESTO; NOVO;Descartado;00000; 14938;59316; 44378; 9; 9; 9; 9;NÃO;Makson
19/01/2022;0046;275/75R;115;MICHELIN;X MULTI; 0; 2;TEI;RECAPADO;TRASEIRO;PTO-1758; 14938;; ; 10; 8; 9; 10;SIM;Makson
19/01/2022;0047;275/75R;115;MICHELIN;X MULTI; 0; 2;ESTO;RECAPADO;Descartado;00000; 93982;93982; 56040; 10; 10; 10; 10;NÃO;Makson
19/01/2022;0048;275/75R;115;MICHELIN;X MULTI; 0; 2;TDE;RECAPADO;TRASEIRO;PTO-1758; 59603;; -2171; 7; 7; 7; 7;SIM;Makson
19/01/2022;0049;275/75R;115;MICHELIN;X MULTI; 0; 2;ESTO;RECAPADO;Descartado;00000; 14938;59316; 44378; 8; 7; 7; 7;NÃO;Makson
19/01/2022;0050;275/75R;115;MICHELIN;X MULTI; 0; 2;STP1;RECAPADO;STEP;PTO-1758; 14938;; ; 12; 12; 12; 12;SIM;Makson
20/01/2022;0058;275/75R;120;PIRELLI;FR88; 0; 1;ESTO;NOVO;Estoque;EXX-0001; 117589;; ; 10; 11; 11; 10;SIM;Makson
20/01/2022;0059;275/75R;120;PIRELLI;FR88; 0; 1;DD;NOVO;DIANTEIRO;ROG-0G55; 112597;; 152922; 14; 14; 14; 0;SIM;Makson
20/01/2022;0060;275/75R;120;PIRELLI;R268; 0; 2;STP1;RECAPADO;STEP;0000; 132419;170629; 71824; 9; 9; 9; 0;NÃO;Makson
20/01/2022;0061;275/75R;120;BRIDGESTONE;R268; 0; 2;STP1;RECAPADO;STEP;ROF-6J85; 9417;; 28277; 8; 8; 8; 0;SIM;Makson
20/01/2022;0062;275/75R;120;MICHELIN;X MULTI; 0; 2;STPI;RECAPADO S/G;STEP;ROE-9J69; 41116;; ; 7; 5; 5; 5;SIM;Makson
20/01/2022;0063;275/75R;120;MICHELIN;X MULTI; 0; 2;ESTO;RECAPADO;ESTOQUE;000; 98805;98805; 0; 10; 10; 10; 0;NÃO;Makson
20/01/2022;0064;275/75R;120;GOODYEAR;KMAX-S; 0; 2;ESTO;RECAPADO;Descartado;00000; 132419;129924; 31119; 7; 7; 7; 0;NÃO;Makson
20/01/2022;0051;275/75R;115;GOODYEAR;KMAX-S; 0; 2;ESTO;encapado;Descartado;00000; 11493;118522; 107029; 8; 8; 8; 0;NÃO;Makson
20/01/2022;0052;275/75R;115;GOODYEAR;KMAX-S; 0; 1;ESTO;NOVO;ESTOQUE;EXX-0001; 78506;; ; 9; 9; 9; 0;SIM;Makson
20/01/2022;0053;275/75R;115;GOODYEAR;KMAX-S; 0; 2;TEE;RECAPADO;TRASEIRO;PTO-4479; 78506;; ; 15; 15; 15; 0;SIM;Makson
20/01/2022;0054;275/75R;115;GOODYEAR;KMAX-S; 0; 2;TEI;RECAPADO;TRASEIRO;PTO-4479; 78506;; ; 15; 15; 15; 0;SIM;Makson
20/01/2022;0055;275/75R;115;MICHELIN;X MULTI; 0; 2;TDE;RECAPADO;TRASEIRO;PTO-4479; 78506;; ; 15; 15; 15; 0;SIM;Makson
20/01/2022;0056;275/75R;115;GOODYEAR;KMAX-S; 0; 2;TDI;RECAPADO;TRASEIRO;PTO-4479; 78506;; ; 15; 15; 15; 0;SIM;Makson
20/01/2022;0057;275/75R;115;PIRELLI;FR88; 0; 2;TEI;RECAPADO;TRASEIRO;PTP-0263; 76433;; 16425; 15; 15; 15; 0;SIM;Makson
20/01/2022;0065;275/75R;115;PIRELLI;FR88; 0; 1;DE;NOVO;DIANTEIRO;PTP-0233; 71159;; ; 14; 14; 14; 0;SIM;Makson
20/01/2022;0066;275/75R;115;PIRELLI;FR88; 0; 1;ESTO;NOVO;Descartado;00000; 123512;123512; 22823; 14; 14; 14; 0;NÃO;Makson
20/01/2022;0067;275/75R;110;MICHELIN;X MULTI; 0; 2;TEI;RECAPADO;TRASEIRO;PTO-5320; 120759;; 0; 16; 16; 16; 0;SIM;Makson
20/01/2022;0068;275/75R;110;MICHELIN;X MULTI; 0; 2;TEE;RECAPADO;TRASEIRO;PTO-5320; 106737;; ; 15; 15; 15; 0;SIM;Makson
20/01/2022;0069;275/75R;110;MICHELIN;X MULTI; 0; 2;TDE;RECAPADO;TRASEIRO;PTP-0233; 71159;; ; 15; 15; 15; 0;SIM;Makson
20/01/2022;0070;275/75R;110;MICHELIN;X MULTI; 0; 2;TDI;RECAPADO;TRASEIRO;PTP-0233; 71159;; ; 15; 15; 15; 0;SIM;Makson
20/01/2022;0071;275/75R;110;PIRELLI;FR88; 0; 2;STP1;RECAPADO;STEP;PTP-0233; 71159;; ; 9; 9; 9; 0;SIM;Makson
27/01/2022;0072;275/75R;110;PIRELLI;FR88; 0; 1;TDE;NOVO;DIANTEIRO;ROF-3H84; 31752;; ; 13; 12; 12; 13;SIM;Makson
27/01/2022;0073;275/75R;110;PIRELLI;FR88; 0; 1;TDE;NOVO;TRASEIRO;PTO-4469; 79745;; ; 12; 12; 12; 0;SIM;Makson
27/01/2022;0074;275/75R;110;MICHELIN;X MULTI; 0; 2;TEE;RECAPADO;TDE;PTN-9186; 132247;; 34092; 15; 15; 15; 0;SIM;Makson
27/01/2022;0075;275/75R;110;GOODYEAR;KMAX; 0; 2;TEI;RECAPADO;TDI;PTN-9186; 132247;; 64967; 15; 15; 15; 15;SIM;Makson
27/01/2022;0076;275/75R;110;GOODYEAR;KMAX-S; 0; 2;TDE;RECAPADO;TEE;PTN-9186; 132247;; 34092; 14; 14; 14; 0;SIM;Makson
27/01/2022;0077;275/75R;110;GOODYEAR;KMAX-S; 0; 2;TDI;RECAPADO;TEI;PTN-9186; 132247;; 34092; 14; 14; 14; 0;SIM;Makson
27/01/2022;0078;275/75R;110;GOODYEAR;KMAX-S; 0; 1;ESTO;NOVO;Descartado;00000; 73231;73231; 0; 9; 9; 9; 0;NÃO;Makson
27/01/2022;0079;275/75R;110;PIRELLI;FR88; 0; 1;DE;NOVO;DIANTEIRO;PTN-9176; 86911;; ; 14; 14; 14; 0;SIM;Makson
27/01/2022;0080;275/75R;110;PIRELLI;FR88; 0; 1;DD;NOVO;DIANTEIRO;PTN-9176; 86911;; ; 15; 15; 15; 0;SIM;Makson
27/01/2022;0081;275/75R;110;GOODYEAR;KMAX-S; 0; 2;TEE;RECAPADO;TRASEIRO;PTN-9176; 86911;; ; 8; 8; 8; 0;SIM;Makson
27/01/2022;0082;275/75R;110;GOODYEAR;KMAX-S; 0; 2;TEI;RECAPADO;TRASEIRO;PTN-9176; 86911;; ; 7; 7; 7; 0;SIM;Makson
27/01/2022;0083;275/75R;110;GOODYEAR;KMAX-S; 0; 2;TDE;RECAPADO;TRASEIRO;PTN-9176; 86911;; ; 12; 13; 13; 12;SIM;Makson
27/01/2022;0084;275/75R;110;MICHELIN;X MULTI; 0; 2;TDI;RECAPADO;TRASEIRO;PTN-9176;  89039;; ; 12; 13; 13; 12;SIM;Makson
27/01/2022;0085;275/75R;110;BFGOODRICH;ST250; 0; 2;STP1;RECAPADO;STEP;PTN-9176; 108479;; 20011; 4; 4; 4; 0;SIM;Makson
27/01/2022;0086;275/75R;110;BRIDGESTONE;R268; 0; 1;ESTO;NOVO;Descartado;00000; 44880;48493; 14484; 12; 12; 12; 0;NÃO;Makson
27/01/2022;0087;275/75R;110;BRIDGESTONE;R268; 0; 1;DD;NOVO;DIANTEIRO;PTO-9372; 00;; ; 10; 10; 0; 0;SIM;Makson
27/01/2022;0088;275/75R;110;BRIDGESTONE;R268; 0; 2;TEE;RECAPADO;TRASEIRO;PTO-0524; 67865;; 123444; 13; 13; 13; 0;SIM;Makson
27/01/2022;0089;275/75R;110;BFGOODRICH;ST250; 0; 2;TEI;RECAPADO;TRASEIRO;PTO-0524; 67077;; ; 13; 12; 12; 13;SIM;Makson
27/01/2022;0090;275/75R;110;MICHELIN;X MULTI; 0; 2;TDE;RECAPADO;TRASEIRO;PTO-0524; 67874;; 10871; 12; 10; 12; 10;SIM;Makson
27/01/2022;0091;275/75R;110;GOODYEAR;KMAX; 0; 2;TDI;RECAPADO;TRASEIRO;PTO-0524; 67874;; 45262; 11; 11; 11; 10;SIM;Makson
27/01/2022;0092;275/75R;110;BFGOODRICH;ST250; 0; 2;STP1;RECAPADO;STEP;PTO-0524; 67077;; ; 9; 9; 9; 9;SIM;Makson
27/01/2022;0093;275/75R;110;GOODYEAR;KMAX-S; 0; 2;DE;NOVO;DIANTEIRO;PTN-9216; 87343;; ; 11; 11; 11; 11;SIM;Makson
27/01/2022;0094;275/75R;110;GOODYEAR;KMAX-S; 0; 1;DD;NOVO;DIANTEIRO;PTN-9216; 87343;; 0; 13; 12; 12; 12;SIM;Makson
27/01/2022;0095;275/75R;110;GOODYEAR;KMAX-S; 0; 2;TEE;RECAPADO;TRASEIRO;PTN-9216; 87343;; ; 12; 12; 12; 12;SIM;Makson
27/01/2022;0096;275/75R;110;GOODYEAR;KMAX-S; 0; 2;TEI;RECAPADO;TRASEIRO;PTN-9216; 87343;; ; 12; 12; 12; 12;SIM;Makson
27/01/2022;0098;275/75R;110;GOODYEAR;KMAX-S; 0; 2;TDE;RECAPADO;TRASEIRO;PTN-9216; 70753;; ; 12; 12; 12; 12;SIM;Makson
27/01/2022;0097;275/75R;110;GOODYEAR;KMAX-S; 0; 2;TDI;RECAPADO;TRASEIRO;PTN-9216; 70753;; ; 12; 12; 12; 13;SIM;Makson
27/01/2022;0099;275/75R;110;MICHELIN;X MULTI; 0; 1;STP1;RECAPADO;STEP;PTN-9216; 87343;; ; 8; 8; 8; 0;SIM;Makson
27/01/2022;0100;275/75R;110;PIRELLI;FR88; 0; 1;DE;NOVO;DIANTEIRO;PTO-8167; 116222;; ; 9; 8; 9; 8;SIM;Makson
27/01/2022;0101;275/75R;110;PIRELLI;FR88; 0; 1;DD;NOVO;DIANTEIRO;PTO-8167; 116222;; ; 10; 8; 9; 8;SIM;Makson
27/01/2022;0102;275/75R;110;GOODYEAR;KMAX-S; 0; 1;TEE;NOVO;TRASEIRO;PTO-8207; 96005;; ; 6; 6; 6; 0;SIM;Makson
27/01/2022;0103;275/75R;110;GOODYEAR;KMAX-S; 0; 1;TEI;NOVO;TRASEIRO;PTO-8207; 96005;; ; 7; 7; 7; 0;SIM;Makson
27/01/2022;0104;275/75R;110;GOODYEAR;KMAX-S; 0; 2;TDE;RECAPADO;TRASEIRO;PTO-4489; 130865;; 119976; 9; 9; 9; 0;SIM;Makson
27/01/2022;0105;275/75R;110;GOODYEAR;KMAX-S; 0; 2;TDI;RECAPADO;TRASEIRO;PTO-4489; 130865;; 6920; 10; 10; 10; 0;SIM;Makson
27/01/2022;0106;275/75R;110;MICHELIN;X MULTI; 0; 1;STP1;NOVO;STEP;PTO-8207; 39000;; 9614; 6; 6; 6; 0;SIM;Makson
27/01/2022;0107;275/75R;110;PIRELLI;FR88; 0; 1;DE;NOVO;DIANTEIRO;PTO-0494; 113871;; ; 11; 11; 10; 9;SIM;Makson
27/01/2022;0108;275/75R;110;PIRELLI;FR88; 0; 1;DD;NOVO;DIANTEIRO;PTO-0494; 113871;; ; 13; 12; 13; 13;SIM;Makson
27/01/2022;0109;275/75R;110;GOODYEAR;KMAX-S; 0; 2;TEI;encapado;TRASEIRO;PTO-0494; 113871;; ; 12; 12; 12; 12;SIM;Makson
27/01/2022;0254;275/75R;110;PIRELLI;FR88; 0; 1;DE;NOVO;TRASEIRO;PTO-9372; 123302;; ; 10; 10; 10; 10;SIM;Makson
27/01/2022;0111;275/75R;110;MICHELIN;X MULTI; 0; 2;TDE;RECAPADO;TRASEIRO;0000; 113871;113871; 0; 10; 7; 8; 10;NÃO;Makson
27/01/2022;0112;275/75R;110;MICHELIN;X MULTI; 0; 2;TDI;RECAPADO;TRASEIRO;PTO-0494; 113871;; ; 13; 8; 9; 10;SIM;Makson
27/01/2022;0113;275/75R;110;MICHELIN;X MULTI; 0; 2;STP1;encapado;TRASEIRO;PTO-0494; 113871;; ; 5; 5; 5; 6;SIM;Makson
01/02/2022;0114;275/75R;110;BRIDGESTONE;R268; 0; 1;DE;NOVO;DIANTEIRO;ROF-7B05; 3689;; ; 13; 14; 14; 13;SIM;Makson
01/02/2022;0114;275/75R;110;BRIDGESTONE;R268; 0; 1;DE;NOVO;DIANTEIRO;0000; 3394;0; -3394; 17; 17; 17; 0;NÃO;Makson
01/02/2022;0115;275/75R;110;BRIDGESTONE;M736; 0; 1;DD;NOVO;DIANTEIRO;ROF-7B05; 19239;; ; 14; 14; 14; 14;SIM;Makson
01/02/2022;0116;275/75R;110;BRIDGESTONE;R268; 0; 1;TEE;NOVO;TRASEIRO;ROF-7B05; 19239;; ; 14; 14; 14; 14;SIM;Makson
01/02/2022;0117;275/75R;110;BRIDGESTONE;R268; 0; 2;TEI;escapado;TRASEIRO;ROF-7B05; 19239;; ; 14; 14; 14; 14;SIM;Makson
01/02/2022;0118;275/75R;110;BRIDGESTONE;R268; 0; 2;TDE;encapado;TRASEIRO;ROF-7B05; 19239;; ; 14; 14; 14; 14;SIM;Makson
01/02/2022;0119;275/75R;110;BRIDGESTONE;R268; 0; 2;TDI;RECAPADO;TRASEIRO;ROF-7B05; 19239;; ; 14; 14; 14; 14;SIM;Makson
01/02/2022;0121;275/75R;110;PIRELLI;FR88; 0; 1;DE;NOVO;DIANTEIRO;ROG-0G67; 1531;; ; 15; 15; 15; 0;SIM;Makson
01/02/2022;0122;275/75R;110;PIRELLI;FR88; 0; 1;DD;NOVO;DIANTEIRO;ROG-0G67; 1531;; ; 15; 15; 15; 0;SIM;Makson
01/02/2022;0123;275/75R;110;MICHELIN;X MULTI; 0; 2;TEE;RECAPADO;TRASEIRO;ROG-0G67; 1531;; ; 14; 14; 14; 0;SIM;Makson
01/02/2022;0124;275/75R;110;MICHELIN;X MULTI; 0; 2;TEI;RECAPADO;TRASEIRO;ROG-0G67; 1531;; ; 14; 14; 14; 0;SIM;Makson
01/02/2022;0125;275/75R;110;FORMULA;DRIVER; 0; 2;LEE;RECAPADO;TRASEIRO;ROG-0G67; 1531;; ; 14; 14; 14; 0;SIM;Makson
01/02/2022;0126;275/75R;110;GOODYEAR;KMAX-S; 0; 2;LEI;RECAPADO;TRASEIRO;ROG-0G67; 1531;; ; 14; 14; 14; 0;SIM;Makson
01/02/2022;0127;275/75R;110;MICHELIN;X MULTI; 0; 2;LDE;RECAPADO;TRASEIRO;ROG-0G67; 1531;; ; 12; 11; 11; 12;SIM;Makson
01/02/2022;0128;275/75R;110;MICHELIN;X MULTI; 0; 2;TDI;RECAPADO;TRASEIRO;ROD-9B91; 35182;; ; 12; 11; 11; 12;SIM;Makson
01/02/2022;0129;275/75R;110;GOODYEAR;KMAX-S; 0; 2;TDE;RECAPADO;TRASEIRO;ROG-0G67; 1531;; ; 14; 14; 14; 0;SIM;Makson
01/02/2022;0130;275/75R;110;GOODYEAR;KMAX-S; 0; 2;TDI;RECAPADO;TRASEIRO;ROG-0G67; 1531;; ; 14; 14; 14; 0;SIM;Makson
01/02/2022;0131;275/75R;110;GOODYEAR;KMAX-S; 0; 2;STP1;RECAPADO;STEP;ROG-0G67; 1531;; ; 16; 16; 16; 0;SIM;Makson
01/02/2022;0139;275/75R;110;PIRELLI;FR88; 0; 1;TDI;NOVO;TRASEIRO;PTO-9252; 35185;; ; 14; 14; 14; 0;SIM;Makson
01/02/2022;0140;275/75R;110;PIRELLI;FR88; 0; 1;TDE;NOVO;TRASEIRO;PTO-9252; 35185;; ; 14; 14; 14; 0;SIM;Makson
01/02/2022;0141;275/75R;110;PIRELLI;TR88; 0; 1;TDI;NOVO;TRASEIRO;ROE-9F23; 66896;; 44755; 17; 17; 17; 0;SIM;Makson
01/02/2022;0142;275/75R;110;PIRELLI;TR88; 0; 1;TEI;NOVO;TRASEIRO;ROE-9F23; 7797;; ; 17; 17; 17; 0;SIM;Makson
01/02/2022;0143;275/75R;110;PIRELLI;TR88; 0; 1;TDE;NOVO;TRASEIRO;ROE-9F23; 7797;; ; 17; 17; 17; 0;SIM;Makson
01/02/2022;0144;275/75R;110;PIRELLI;TR88; 0; 1;TEE;NOVO;TRASEIRO;ROE-9F23; 17983;; ; 16; 16; 16; 0;SIM;Makson
01/02/2022;0452;275/75R;110;PIRELLI;FR88; 0; 1;DE;NOVO;DIANTEIRO;PTO-6315; 108176;; ; 13; 13; 13; 14;SIM;Makson
02/02/2022;0132;275/75R;110;BRIDGESTONE;R268; 0; 1;DE;NOVO;DIANTEIRO;ROG-0G60; 3365;; ; 16; 16; 16; 0;SIM;Makson
02/02/2022;0133;275/75R;110;BRIDGESTONE;R268; 0; 2;ILDE;RECAPADO;TRASEIRO;PTO-8040; 138887;; ; 5; 4; 4; 6;SIM;Makson
02/02/2022;0134;275/75R;110;BRIDGESTONE;M736; 0; 1;TEE;NOVO;TRASEIRO;ROG-0G60; 3365;; ; 23; 23; 23; 0;SIM;Makson
02/02/2022;0135;275/75R;110;BRIDGESTONE;M736; 0; 1;TEI;NOVO;TRASEIRO;ROG-0G60; 3365;; ; 23; 23; 23; 0;SIM;Makson
02/02/2022;0136;275/75R;110;BRIDGESTONE;M736; 0; 1;TDE;NOVO;TRASEIRO;ROG-0G60; 3365;; ; 23; 23; 23; 0;SIM;Makson
02/02/2022;0137;275/75R;110;GOODYEAR;KMAX-S; 0; 1;TEE;NOVO;TRASEIRO;PTO-9332; 116466;; ; 16; 16; 16; 16;SIM;Makson
02/02/2022;0138;275/75R;110;BRIDGESTONE;R268; 0; 1;ESTO;RECAPADO;Descartado;00000; 3365;42600; 39235; 17; 17; 17; 0;NÃO;Makson
03/02/2022;0146;275/75R;110;PIRELLI;FR88; 0; 1;DD;NOVO;DIANTEIRO;PTO-6615; 13473;; ; 9; 9; 9; 9;SIM;Makson
03/02/2022;0147;275/75R;110;PIRELLI;FR88; 0; 1;TDE;NOVO;TRASEIRO;PTP-0851; 17983;; 3064; 14; 14; 14; 0;SIM;Makson
03/02/2022;0148;275/75R;110;PIRELLI;FR88; 0; 2;TEI;RECAPADO;TRASEIRO;PTO-6615; 137417;; -126428; 6; 6; 0; 0;SIM;Makson
03/02/2022;0149;275/75R;110;PIRELLI;FR88; 0; 1;1LEI;NOVO;TRASEIRO;ROD-9B94; 21495;; 100000; 4; 4; 4; 4;SIM;Makson
03/02/2022;0150;275/75R;110;GOODYEAR;KMAX; 0; 2;DE;encapado;DIANTEIRO;ROG-0G55; 115571;; 0; 14; 14; 14; 14;SIM;Makson
03/02/2022;0151;275/75R;110;PIRELLI;FR88; 0; 1;TDE;NOVO;TRASEIRO;ROG-0G55; 7202;; ; 14; 14; 14; 0;SIM;Makson
03/02/2022;0152;275/75R;110;PIRELLI;FR88; 0; 1;ILEE;NOVO;TRASEIRO;ROG-0G55; 7202;; ; 14; 14; 14; 0;SIM;Makson
03/02/2022;0153;275/75R;110;PIRELLI;FR88; 0; 1;ILEI;NOVO;TRASEIRO;ROG-0G55; 7202;; ; 14; 14; 14; 0;SIM;Makson
03/02/2022;0154;275/75R;110;PIRELLI;FR88; 0; 1;DD;NOVO;DIANTEIRO;PTO-9362; 117884;; ; 14; 14; 14; 0;SIM;Makson
03/02/2022;0155;275/75R;110;PIRELLI;FR88; 0; 1;TDI;NOVO;TRASEIRO;ROG-0G55; 7202;; ; 14; 14; 14; 0;SIM;Makson
03/02/2022;0156;275/75R;110;MICHELIN;X MULTI; 0; 2;TEI;RECAPADO;TRASEIRO;ROG-0G55; 0;; 127937; 13; 13; 13; 0;SIM;Makson
08/02/2022;0157;275/75R;110;GOODYEAR;KMAX-S; 0; 1;DE;NOVO;DIANTEIRO;PTO-6345; 52358;; ; 8; 8; 8; 0;SIM;Makson
08/02/2022;0158;275/75R;110;GOODYEAR;KMAX-S; 0; 1;DD;NOVO;DIANTEIRO;PTO-6345; 52358;; ; 7; 7; 7; 0;SIM;Makson
08/02/2022;0159;275/75R;110;MICHELIN;X MULTI; 0; 2;TEE;RECAPADO;TRASEIRO;PTO-6345; 68594;; ; 13; 13; 13; 13;SIM;Makson
08/02/2022;0160;275/75R;110;MICHELIN;X MULTI; 0; 2;TEI;RECAPADO;TRASEIRO;PTO-6345; 52358;; ; 13; 13; 13; 0;SIM;Makson
08/02/2022;0161;275/75R;110;GOODYEAR;KMAX-S; 0; 2;TDE;RECAPADO;TRASEIRO;PTO-6345; 52358;; ; 13; 13; 13; 0;SIM;Makson
08/02/2022;0162;275/75R;110;GOODYEAR;KMAX-S; 0; 2;TDI;RECAPADO;TRASEIRO;PTO-6345; 52358;; ; 13; 13; 13; 0;SIM;Makson
08/02/2022;0163;275/75R;110;MICHELIN;X MULTI; 0; 2;STP1;RECAPADO;STEP;PTO-6345; 70423;; 3738; 6; 6; 6; 0;SIM;Makson
08/02/2022;0164;275/75R;110;PIRELLI;FR88; 0; 1;TDI;NOVO;TRASEIRO;PTO-4469; 91979;; ; 13; 13; 13; 0;SIM;Makson
08/02/2022;0165;275/75R;110;PIRELLI;FR88; 0; 1;ILDI;NOVO;DIANTEIRO;ROF-3H84; 31752;; ; 11; 11; 11; 0;SIM;Makson
08/02/2022;0166;275/75R;110;MICHELIN;X MULTI; 0; 2;ESTO;RECAPADO;Descartado;00000; 72238;703024; 635744; 14; 14; 14; 14;NÃO;Makson
08/02/2022;0167;275/75R;110;MICHELIN;X MULTI; 0; 2;ESTO;RECAPADO;ESTOQUE;EXX-0001; 124509;; ; 15; 15; 15; 0;SIM;Makson
08/02/2022;0168;275/75R;110;GOODYEAR;KMAX-S; 0; 2;ESTO;RECAPADO;ESTOQUE;EXX-0001; 124509;; ; 15; 15; 15; 0;SIM;Makson
08/02/2022;0169;275/75R;110;BRIDGESTONE;R268; 0; 2;TEE;RECAPADO;TRASEIRO;PTO-4908; 124509;; ; 15; 15; 15; 0;SIM;Makson
08/02/2022;0170;275/75R;110;MICHELIN;X MULTI; 0; 2;STP1;RECAPADO;STEP;ROF-7B10; 124509;; ; 15; 15; 15; 0;SIM;Makson
08/02/2022;0171;275/75R;110;MICHELIN;X MULTI; 0; 2;ESTO;RECAPADO;ESTOQUE;EXX-0001; 124509;; ; 15; 15; 15; 0;SIM;Makson
08/02/2022;0172;275/75R;110;GOODYEAR;KMAX-S; 0; 2;ILDE;RECAPADO;TRASEIRO;PTO-4908; 124509;; ; 15; 15; 15; 0;SIM;Makson
08/02/2022;0173;275/75R;110;GOODYEAR;KMAX-S; 0; 2;ILDI;RECAPADO;TRASEIRO;PTO-4908; 116721;; 150226; 15; 15; 15; 0;SIM;Makson
08/02/2022;0174;275/75R;110;MICHELIN;X MULTI; 0; 2;TDI;RECAPADO;TRASEIRO;PTO-4459; 124509;; ; 6; 6; 6; 0;SIM;Makson
08/02/2022;0175;275/75R;110;PIRELLI;FR88; 0; 1;STP1;NOVO;STEP;PTO-4908; 91524;; ; 14; 14; 14; 0;SIM;Makson
08/02/2022;0176;275/75R;110;PIRELLI;FR88; 0; 2;ILDI;RECAPADO;TRASEIRO;PTO-8040; 138887;; ; 7; 7; 7; 7;SIM;Makson
08/02/2022;0177;275/75R;110;BRIDGESTONE;R268; 0; 2;STP1;RECAPADO;STEP;PTO-5320; 122466;; 804; 12; 10; 10; 12;SIM;Makson
08/02/2022;0178;275/75R;110;GOODYEAR;KMAX-S; 0; 2;STP1;RECAPADO;STEP;PTO-4719; 91979;; 137679; 13; 13; 13; 0;SIM;Makson
08/02/2022;0179;275/75R;110;GOODYEAR;KMAX-S; 0; 2;TDE;RECAPADO;TRASEIRO;0000; 91524;0; -91524; 13; 13; 13; 0;NÃO;Makson
08/02/2022;0180;275/75R;110;GOODYEAR;KMAX-S; 0; 2;TDI;RECAPADO;TRASEIRO;PTO-5320; 123512;; 31988; 12; 12; 12; 0;SIM;Makson
08/02/2022;0181;275/75R;110;BFGOODRICH;ST250; 0; 1;ESTO;NOVO;Descartado;00000; 106922;107981; 137031; 11; 11; 11; 0;NÃO;Makson
08/02/2022;0182;275/75R;110;PIRELLI;FR88; 0; 1;DE;NOVO;DIANTEIRO;PTP-0173; 90722;; ; 13; 13; 13; 0;SIM;Makson
08/02/2022;0183;275/75R;110;PIRELLI;FR88; 0; 1;DD;NOVO;DIANTEIRO;PTP-0173; 90722;; ; 13; 13; 13; 0;SIM;Makson
08/02/2022;0184;275/75R;110;MICHELIN;X MULTI; 0; 2;TDE;RECAPADO;TRASEIRO;PTO-6615; 135473;; ; 11; 10; 11; 10;SIM;Makson
08/02/2022;0185;275/75R;110;MICHELIN;X MULTI; 0; 2;TEI;RECAPADO;TRASEIRO;PTP-0173; 90722;; ; 9; 9; 9; 0;SIM;Makson
08/02/2022;0186;275/75R;110;GOODYEAR;KMAX-S; 0; 2;TDE;RECAPADO;TRASEIRO;PTP-0173; 90722;; ; 8; 8; 8; 0;SIM;Makson
08/02/2022;0187;275/75R;110;GOODYEAR;KMAX-S; 0; 2;TDI;RECAPADO;TRASEIRO;PTP-0173; 90729;; 127794; 10; 10; 10; 0;SIM;Makson
08/02/2022;0188;275/75R;110;GOODYEAR;KMAX-S; 0; 2;STP1;RECAPADO;STEP;PTP-0173; 90722;; ; 6; 6; 6; 0;SIM;Makson
08/02/2022;0190;275/75R;110;PIRELLI;FR88; 0; 1;ESTO;NOVO;Descartado;00000; 67280;132237; 64957; 3; 7; 7; 3;NÃO;Makson
08/02/2022;0189;275/75R;110;PIRELLI;FR88; 0; 1;STP1;NOVO;STEP;ROG-9C07; 43813;; 24031; 14; 14; 14; 0;SIM;Makson
08/02/2022;0191;275/75R;110;PIRELLI;TR88; 0; 1;TEE;NOVO;TRASEIRO;ROE-9J66; 15237;; ; 17; 17; 17; 0;SIM;Makson
08/02/2022;0192;275/75R;110;PIRELLI;TR88; 0; 1;TEI;NOVO;TRASEIRO;ROE-9J66; 15237;; ; 18; 18; 18; 0;SIM;Makson
08/02/2022;0193;275/75R;110;PIRELLI;TR88; 0; 1;TDE;NOVO;TRASEIRO;ROE-9J66; 15237;; ; 17; 17; 17; 0;SIM;Makson
08/02/2022;0194;275/75R;110;PIRELLI;FR88; 0; 1;TDI;NOVO;TRASEIRO;PTO-9332; 86475;; 39569; 9; 8; 8; 8;SIM;Makson
08/02/2022;0299;275/75R;110;PIRELLI;FR88; 0; 2;STP1;RECAPADO;STEP;PTO-8167; 116222;; ; 4; 3; 3; 5;SIM;Makson
08/02/2022;0196;275/75R;110;PIRELLI;FR88; 0; 1;DE;NOVO;DIANTEIRO;PTN-9166; 94856;; ; 12; 12; 12; 0;SIM;Makson
08/02/2022;0197;275/75R;110;PIRELLI;FR88; 0; 1;ESTO;NOVO;Descartado;00000; 94856;127650; 32794; 12; 12; 12; 0;NÃO;Makson
08/02/2022;0198;275/75R;110;GOODYEAR;KMAX-S; 0; 1;TEI;NOVO;tei;PTO-9252; 94856;; ; 7; 7; 7; 0;SIM;Makson
08/02/2022;0199;275/75R;110;GOODYEAR;KMAX-S; 0; 1;TEE;NOVO;TRASEIRO;PTO-9252; 94856;; ; 8; 8; 8; 0;SIM;Makson
08/02/2022;0200;275/75R;110;BFGOODRICH;ST250; 0; 2;ESTO;RECAPADO;Descartado;00000; 94856;132237; 37381; 7; 7; 7; 0;NÃO;Makson
08/02/2022;0201;275/75R;110;GOODYEAR;KMAX-S; 0; 1;STP1;NOVO;STEP;PTO-9252; 94856;; ; 6; 6; 6; 0;SIM;Makson
08/02/2022;0202;275/75R;110;PIRELLI;FR88; 0; 2;ESTO;RECAPADO;Descartado;00000; 94856;132237; 37381; 8; 8; 8; 0;NÃO;Makson
11/02/2022;0203;275/75R;110;PIRELLI;FR88; 0; 1;1LEI;NOVO;TRASEIRO;PTP-1107; 116960;; 61762; 12; 12; 12; 12;SIM;Makson
11/02/2022;0204;275/75R;110;PIRELLI;FR88; 0; 1;DD;NOVO;DIANTEIRO;PTN-9166; 130526;; ; 13; 13; 13; 13;SIM;Makson
11/02/2022;0205;275/75R;110;MICHELIN;X MULTI; 0; 2;ILDI;RECAPADO;TRASEIRO;ROD-9B94; 21495;; 33873; 12; 12; 12; 12;SIM;Makson
11/02/2022;0206;275/75R;110;MICHELIN;X MULTI; 0; 2;1LEI;RECAPADO;TRASEIRO;ROF-3I05; 8203;; ; 13; 13; 13; 13;SIM;Makson
11/02/2022;0207;275/75R;110;GOODYEAR;KMAX-S; 0; 2;TEE;RECAPADO;TRASEIRO;ROF-3I05; 8203;; ; 14; 14; 14; 14;SIM;Makson
11/02/2022;0208;275/75R;110;GOODYEAR;KMAX-S; 0; 2;TEI;RECAPADO;TRASEIRO;ROF-3I05; 8203;; ; 14; 14; 14; 14;SIM;Makson
11/02/2022;0209;275/75R;110;MICHELIN;X MULTI; 0; 2;ILDE;RECAPADO;TRASEIRO;ROF-3I05; 8203;; ; 14; 14; 14; 14;SIM;Makson
11/02/2022;0210;275/75R;110;MICHELIN;X MULTI; 0; 2;ILDI;RECAPADO;TRASEIRO;ROF-3I05; 8203;; ; 13; 13; 13; 13;SIM;Makson
11/02/2022;0211;275/75R;110;GOODYEAR;KMAX-S; 0; 2;TDE;RECAPADO;TRASEIRO;ROF-3I05; 8203;; ; 14; 14; 14; 14;SIM;Makson
11/02/2022;0212;275/75R;110;GOODYEAR;KMAX-S; 0; 2;TDI;RECAPADO;TRASEIRO;ROF-3I05; 8203;; ; 14; 14; 14; 14;SIM;Makson
11/02/2022;0213;275/75R;110;MICHELIN;X MULTI; 0; 2;STP1;RECAPADO;STEP;ROF-3I05; 8676;; 539; 8; 8; 6; 9;SIM;Makson
11/02/2022;0214;275/75R;110;MICHELIN;X MULTI; 0; 2;1LEE;RECAPADO;TRASEIRO;ROD-9B91; 18497;; -16967; 7; 6; 4; 4;SIM;Makson
11/02/2022;0215;275/75R;110;PIRELLI;FR88; 0; 1;TDE;RECAPADO;TRASEIRO;PTO-4719; 112237;; ; 15; 15; 15; 15;SIM;Makson
11/02/2022;0216;275/75R;110;GOODYEAR;KMAX-S; 0; 2;STP1;RECAPADO;STEP;PTO-9335; 112237;; ; 7; 7; 7; 7;SIM;Makson
11/02/2022;0217;275/75R;110;GOODYEAR;KMAX-S; 0; 2;1LEE;RECAPADO;TRASEIRO;PTO-9335; 112237;; ; 7; 7; 7; 7;SIM;Makson
11/02/2022;0218;275/75R;110;PIRELLI;FR88; 0; 2;TEE;RECAPADO;TEE;PTO-9335; 153475;; 153475; 6; 6; 6; 6;SIM;Makson
11/02/2022;0219;275/75R;110;GOODYEAR;KMAX-S; 0; 2;1LEI;RECAPADO;TRASEIRO;PTO-9335; 112237;; ; 7; 7; 7; 7;SIM;Makson
11/02/2022;0220;275/75R;110;MICHELIN;X MULTI; 0; 2;LDI;RECAPADO;TRASEIRO;PTO-9335; 112237;; ; 8; 8; 8; 8;SIM;Makson
11/02/2022;0221;275/75R;110;MICHELIN;X MULTI; 0; 2;ILDE;RECAPADO;TRASEIRO;PTO-9335; 155374;; 179113; 8; 8; 8; 8;SIM;Makson
11/02/2022;0222;275/75R;110;BFGOODRICH;ST250; 0; 2;TDE;RECAPADO;TRASEIRO;PTP-1107; 116960;; 41238; 9; 9; 9; 9;SIM;Makson
11/02/2022;0223;275/75R;110;BFGOODRICH;ST250; 0; 2;ESTO;RECAPADO;Descartado;00000; 170629;174393; 45002; 11; 11; 11; 11;NÃO;Makson
11/02/2022;0224;275/75R;110;BFGOODRICH;ST250; 0; 2;TDI;RECAPADO;TRASEIRO;PTN-9196; 125636;; 161614; 5; 5; 5; 5;SIM;Makson
17/02/2022;0225;275/75R;110;PIRELLI;FR88; 0; 1;TDE;NOVO;TRASEIRO;OXY-1094; 6297;; ; 13; 13; 13; 13;SIM;Makson
17/02/2022;0226;275/75R;110;PIRELLI;FR88; 0; 1;STP1;NOVO;STEP;000; 6297;6297; 0; 13; 13; 13; 13;NÃO;Makson
17/02/2022;0227;275/75R;110;MICHELIN;X MULTI; 0; 2;TDE;RECAPADO;TRASEIRO;PTO-8200; 65070;; ; 9; 8; 8; 9;SIM;Makson
17/02/2022;0228;275/75R;110;MICHELIN;X MULTI; 0; 2;1LEI;RECAPADO;TRASEIRO;ROG-0G63; 6297;; ; 15; 15; 15; 15;SIM;Makson
17/02/2022;0229;275/75R;110;GOODYEAR;KMAX-S; 0; 2;TEE;RECAPADO;TRASEIRO;ROG-0G63; 6297;; ; 15; 15; 15; 15;SIM;Makson
17/02/2022;0230;275/75R;110;GOODYEAR;KMAX-S; 0; 2;1LEE;RECAPADO;TRASEIRO;ROG-0G63; 7155;; 121752; 15; 15; 15; 15;SIM;Makson
17/02/2022;0231;275/75R;110;GOODYEAR;K MAXS; 0; 2;ILDE;RECAPADO;TRASEIRO;ROG-0G63; 7155;; 290024; 15; 15; 15; 15;SIM;Makson
17/02/2022;0232;275/75R;110;MICHELIN;X MULTI; 0; 2;ILDI;RECAPADO;TRASEIRO;ROG-0G63; 6297;; ; 15; 15; 15; 15;SIM;Makson
17/02/2022;0233;275/75R;110;GOODYEAR;KMAX-S; 0; 2;ESTO;RECAPADO;Descartado;00000; 6297;135727; 129430; 15; 15; 15; 15;NÃO;Makson
17/02/2022;0234;275/75R;110;GOODYEAR;KMAX-S; 0; 2;STP1;RECAPADO;STEP;ROG-0G63; 15190;; 4436; 15; 15; 15; 15;SIM;Makson
17/02/2022;0235;275/75R;110;GOODYEAR;KMAX-S; 0; 2;1LEI;RECAPADO;TRASEIRO;ROG-0G67; 37315;; 0; 17; 17; 17; 17;SIM;Makson
17/02/2022;0236;275/75R;110;MICHELIN;X MULTI; 0; 1;ILDI;NOVO;TRASEIRO;OXX-8357; 153822;; ; 11; 11; 11; 11;SIM;Makson
17/02/2022;0237;275/75R;110;PIRELLI;FR88; 0; 1;ILDE;NOVO;TRASEIRO;OXX-8357; 143837;; 26882; 10; 11; 11; 10;SIM;Makson
17/02/2022;0238;275/75R;110;MICHELIN;X MULTI; 0; 2;TDE;RECAPADO;TRASEIRO;PTN-9246; 132419;; 64827; 14; 11; 12; 13;SIM;Makson
17/02/2022;0239;275/75R;110;GOODYEAR;KMAX-S; 0; 2;TDI;RECAPADO;TRASEIRO;PTO-4429; 94818;; 53674; 14; 13; 13; 12;SIM;Makson
17/02/2022;0242;275/75R;110;MICHELIN;X MULTI; 0; 2;TEI;RECAPADO;TRASEIRO;PTN-9246; 132419;; 51551; 14; 13; 12; 14;SIM;Makson
17/02/2022;0243;275/75R;110;MICHELIN;X MULTI; 0; 2;TDI;RECAPADO;TRASEIRO;PTN-9246; 132419;; 51551; 15; 15; 14; 14;SIM;Makson
17/02/2022;0246;275/75R;110;MICHELIN;X MULTI; 0; 2;TEE;RECAPADO;TRASEIRO;PTN-9246; 132419;; 51551; 6; 5; 5; 7;SIM;Makson
17/02/2022;0247;275/75R;110;PIRELLI;FR88; 0; 1;DE;NOVO;DIANTEIRO;PTO-9312; 153436;; 31577; 12; 14; 14; 12;SIM;Makson
17/02/2022;0248;275/75R;110;PIRELLI;FR88; 0; 1;TEI;NOVO;TRASEIRO;PTO-9312; 138470;; ; 12; 14; 13; 13;SIM;Makson
17/02/2022;0249;275/75R;110;GOODYEAR;KMAX-S; 0; 2;TEE;RECAPADO;TRASEIRO;PTO-9312; 129924;; 21148; 13; 13; 13; 13;SIM;Makson
17/02/2022;0250;275/75R;110;PIRELLI;FR88; 0; 2;ESTO;RECAPADO;Descartado;00000; 174648;177065; 18449; 14; 14; 14; 14;NÃO;Makson
17/02/2022;0251;275/75R;110;MICHELIN;X MULTI; 0; 2;TDI;RECAPADO;TRASEIRO;ROD-9B94; 21495;; 135933; 9; 7; 7; 9;SIM;Makson
17/02/2022;0252;275/75R;110;MICHELIN;X MULTI; 0; 2;ILDI;RECAPADO;TRASEIRO;PTO-8200; 65070;; ; 8; 7; 7; 9;SIM;Makson
17/02/2022;0253;275/75R;110;PIRELLI;FR88; 0; 2;TEI;RECAPADO;Descartado;00000; 121260;151538; 30278; 9; 8; 9; 9;NÃO;Makson
17/02/2022;0256;275/75R;110;PIRELLI;FR88; 0; 1;TEE;NOVO;DIANTEIRO;PTO-9372; 123302;; ; 10; 10; 10; 10;SIM;Makson
17/02/2022;0255;275/75R;110;PIRELLI;FR88; 0; 1;TEE;NOVO;TRASEIRO;PTO-4489; 107968;; ; 1; 6; 7; 8;SIM;Makson
17/02/2022;0256;275/75R;110;PIRELLI;FR88; 0; 2;ESTO;RECAPADO;ESTOQUE;EXX-0001; 65070;; ; 12; 12; 12; 12;SIM;Makson
17/02/2022;0110;275/75R;100;MICHELIN;X MULTI; 0; 3;TDE;RECAPADO;TRASEIRO;PTO-9372; 113871;; ; 14; 13; 13; 14;SIM;Makson
17/02/2022;0257;275/75R;110;MICHELIN;X MULTI; 0; 2;TEI;RECAPADO;TRASEIRO;PTO-9372; 123302;; ; 7; 7; 7; 7;SIM;Makson
17/02/2022;0259;275/75R;110;MICHELIN;X MULTI; 0; 2;TDI;RECAPADO;TRASEIRO;PTO-9372; 123302;; ; 8; 7; 7; 6;SIM;Makson
17/02/2022;0260;275/75R;110;MICHELIN;X MULTI; 0; 2;STP1;RECAPADO;STEP;PTO-9372; 123302;; ; 7; 8; 8; 10;SIM;Makson
17/02/2022;0261;275/75R;110;PIRELLI;FR88; 0; 1;ILEE;NOVO;TRASEIRO;PTO-8040; 138887;; ; 8; 8; 8; 8;SIM;Makson
17/02/2022;0262;275/75R;110;PIRELLI;FR88; 0; 2;ILDE;RECAPADO;TRASEIRO;PTO-8200; 65070;; ; 12; 12; 12; 12;SIM;Makson
17/02/2022;0263;275/75R;110;GOODYEAR;KMAX-S; 0; 2;STP1;RECAPADO;STEP;PTO-8040; 101107;; ; 11; 10; 11; 11;SIM;Makson
17/02/2022;0264;275/75R;110;GOODYEAR;KMAX-S; 0; 2;TDI;RECAPADO;TRASEIRO;PTO-8040; 100521;; ; 8; 7; 7; 8;SIM;Makson
17/02/2022;0265;275/75R;110;MICHELIN;X MULTI; 0; 2;TEE;RECAPADO;TRASEIRO;PTO-8040; 138887;; ; 14; 14; 14; 14;SIM;Makson
17/02/2022;0266;275/75R;110;GOODYEAR;KMAX; 0; 2;ESTO;RECAPADO;Descartado;00000; 138887;143837; 4950; 13; 12; 12; 13;NÃO;Makson
17/02/2022;0267;275/75R;110;PIRELLI;FR88; 0; 2;ILEI;RECAPADO;TRASEIRO;PTO-8040; 143837;170629; 31742; 1; 1; 1; 2;SIM;Makson
17/02/2022;0268;275/75R;110;GOODYEAR;KMAX-S; 0; 2;ESTO;RECAPADO;Descartado;00000; 138887;137.079; -138749.92; 1; 1; 1; 2;NÃO;Makson
17/02/2022;0269;275/75R;110;GOODYEAR;KMAX-S; 0; 2;TDI;RECAPADO;TRASEIRO;ROG-0G63; 5407;; -75576; 7; 5; 5; 6;SIM;Makson
17/02/2022;0270;275/75R;110;GOODYEAR;KMAX-S; 0; 2;TDE;RECAPADO;TRASEIRO;PTO-8040; 138887;; ; 12; 11; 11; 12;SIM;Makson
17/02/2022;0271;275/75R;110;MICHELIN;X MULTI; 0; 2;TDE;RECAPADO;TRASEIRO;PTO-9332; 132891;; -667; 9; 6; 6; 9;SIM;Makson
17/02/2022;0515;275/75R;110;PIRELLI;FR88; 0; 1;TEE;NOVO;TRASEIRO;PTO-4459; 96404;; 0; 8; 8; 7; 7;SIM;Makson
17/02/2022;0516;275/75R;110;PIRELLI;FR88; 0; 1;TDI;NOVO;TRASEIRO;OXY-1094; 23461;; ; 8; 8; 8; 8;SIM;Makson
17/02/2022;0274;275/75R;110;BFGOODRICH;ST250; 0; 2;TDE;RECAPADO;TRASEIRO;00000; 94090;104981; 32673; 7; 7; 6; 6;NÃO;Makson
17/02/2022;0274;275/75R;110;GOODYEAR;KMAX-S; 0; 2;ESTO;RECAPADO;ESTOQUE;0000; 67280;25544; -41736; 9; 8; 9; 8;NÃO;Makson
17/02/2022;0276;275/75R;110;MICHELIN;X MULTI; 0; 2;TEE;RECAPADO;TRASEIRO;OXX-8357; 23461;; ; 11; 10; 9; 10;SIM;Makson
17/02/2022;0277;275/75R;110;MICHELIN;X MULTI; 0; 2;TDE;RECAPADO;TRASEIRO;ROD-9D39; 50313;000; -50313; 8; 6; 5; 6;SIM;Makson
17/02/2022;0278;275/75R;110;MICHELIN;X MULTI; 0; 2;ESTO;RECAPADO;Descartado;00000; 136982;139427; 6332; 12; 11; 11; 13;NÃO;Makson
17/02/2022;0279;275/75R;110;MICHELIN;X MULTI; 0; 2;ESTO;RECAPADO;Descartado;00000; 23461;50773; 27312; 12; 11; 11; 12;NÃO;Makson
17/02/2022;0280;275/75R;110;MICHELIN;X MULTI; 0; 2;TDI;RECAPADO;TRASEIRO;PTO-4719; 72238;; 4958; 6; 6; 6; 8;SIM;Makson
17/02/2022;0281;275/75R;110;GOODYEAR;KMAX-S; 0; 2;1LEI;RECAPADO;TRASEIRO;ROG-9C07; 3409;; 4958; 9; 4; 5; 5;SIM;Makson
17/02/2022;0282;275/75R;110;MICHELIN;X MULTI; 0; 2;ESTO;RECAPADO;Descartado;00000; 72238;703024; 635744; 14; 14; 14; 14;NÃO;Makson
17/02/2022;0283;275/75R;110;PIRELLI;FR88; 0; 1;DD;NOVO;DIANTEIRO;PTO-6315; 97931;; ; 10; 9; 9; 8;SIM;Makson
17/02/2022;0284;275/75R;110;PIRELLI;FR88; 0; 1;ESTO;NOVO;Descartado;00000; 66896;74155; 9724; 12; 13; 13; 12;NÃO;Makson
17/02/2022;0285;275/75R;110;GOODYEAR;KMAX-S; 0; 1;TEE;NOVO;TRASEIRO;PTO-6315; 97931;; 2465; 7; 6; 6; 9;SIM;Makson
17/02/2022;0286;275/75R;110;GOODYEAR;KMAX-S; 0; 1;TEI;NOVO;TEI;PTO-6315; 97931;; 2465; 9; 7; 7; 8;SIM;Makson
17/02/2022;0287;275/75R;110;GOODYEAR;KMAX-S; 0; 2;TEI;RECAPADO;TRASEIRO;PTO-9332; 82559;; 2504; 16; 16; 16; 16;SIM;Makson
17/02/2022;0288;275/75R;110;GOODYEAR;KMAX-S; 0; 2;TDI;RECAPADO;TRASEIRO;PTO-6315; 82559;; ; 10; 9; 9; 10;SIM;Makson
17/02/2022;0289;275/75R;110;BFGOODRICH;ST250; 0; 2;STP1;RECAPADO;STEP;PTO-6315; 82559;; ; 13; 12; 13; 13;SIM;Makson
19/02/2022;0290;275/75R;110;BRIDGESTONE;R268; 0; 1;DD;NOVO;DIANTEIRO;PTO-9342; 113224;; ; 15; 15; 15; 15;SIM;Makson
19/02/2022;0291;275/75R;110;BRIDGESTONE;R268; 0; 1;DE;NOVO;DIANTEIRO;PTO-9342; 113224;; ; 14; 14; 14; 14;SIM;Makson
19/02/2022;0292;275/75R;110;MICHELIN;X MULTI; 0; 2;TEE;RECAPADO;TRASEIRO;PTO-9342; 113224;; ; 14; 14; 14; 14;SIM;Makson
19/02/2022;0293;275/75R;110;MICHELIN;X MULTI; 0; 2;TEI;RECAPADO;TRASEIRO;PTO-9342; 113224;; ; 14; 14; 14; 14;SIM;Makson
19/02/2022;0294;275/75R;110;MICHELIN;X MULTI; 0; 2;TDE;RECAPADO;TRASEIRO;PTO-9342; 113224;; ; 14; 14; 14; 14;SIM;Makson
19/02/2022;0295;275/75R;110;MICHELIN;X MULTI; 0; 2;TDI;RECAPADO;TRASEIRO;PTO-9342; 113224;; ; 14; 14; 14; 14;SIM;Makson
19/02/2022;0296;275/75R;110;PIRELLI;FR88; 0; 2;STP1;RECAPADO;STEP;PTO-9342; 113224;; ; 5; 4; 4; 4;SIM;Makson
25/02/2022;0308;275/75R;110;PIRELLI;FR88; 0; 1;STP1;NOVO;STEP;ROD-9B94; 21495;; 29317; 13; 12; 13; 13;SIM;Makson
25/02/2022;0309;275/75R;110;PIRELLI;FR88; 0; 1;DD;NOVO;DIANTEIRO;PTN-9196; 94194;; ; 13; 13; 14; 13;SIM;Makson
25/02/2022;0310;275/75R;110;GOODYEAR;KMAX-S; 0; 2;TEE;RECAPADO;TRASEIRO;PTN-9196; 94194;; ; 13; 12; 12; 12;SIM;Makson
25/02/2022;0311;275/75R;110;GOODYEAR;KMAX-S; 0; 2;TEI;RECAPADO;TRASEIRO;PTN-9196; 112983;; ; 13; 12; 12; 13;SIM;Makson
25/02/2022;0312;275/75R;110;MICHELIN;X MULTI; 0; 2;STP1;RECAPADO;STEP;PTN-9166; 125636;; -2288; 13; 13; 13; 13;SIM;Makson
25/02/2022;0313;275/75R;110;PIRELLI;FR88; 0; 2;STP1;RECAPADO;STEP;PTP-0851; 84063;; 0; 13; 13; 13; 13;SIM;Makson
25/02/2022;0314;275/75R;110;MICHELIN;X MULTI; 0; 2;STP1;RECAPADO;STEP;PTN-9196; 94194;; ; 5; 6; 6; 6;SIM;Makson
25/02/2022;0315;275/75R;110;MICHELIN;X MULTI; 0; 2;DD;encapado;DIANTEIRO;PTO-9362; 130434;; 0; 9; 8; 8; 8;SIM;Makson
25/02/2022;0316;275/75R;110;MICHELIN;X MULTI; 0; 2;ESTO;encapado;Descartado;00000; 43813;43813; 0; 12; 10; 12; 10;NÃO;Makson
25/02/2022;0317;275/75R;110;GOODYEAR;KMAX-S; 0; 2;TEE;RECAPADO;TRASEIRO;PTO-9362; 103065;; 28534; 9; 9; 9; 9;SIM;Makson
25/02/2022;0318;275/75R;110;GOODYEAR;KMAX-S; 0; 2;TEI;RECAPADO;TRASEIRO;PTO-9362; 103060;; ; 8; 7; 8; 9;SIM;Makson
25/02/2022;0319;275/75R;110;GOODYEAR;KMAX-S; 0; 2;TDE;RECAPADO;TRASEIRO;PTO-9362; 103060;; ; 9; 8; 8; 9;SIM;Makson
25/02/2022;0320;275/75R;110;GOODYEAR;KMAX-S; 0; 2;TDI;RECAPADO;TRASEIRO;PTO-9362; 103060;; ; 9; 9; 9; 9;SIM;Makson
25/02/2022;0321;275/75R;110;STEELMARK;AGS; 0; 2;STP1;RECAPADO;STEP;PTO-9362; 103060;; ; 5; 6; 7; 7;SIM;Makson
25/02/2022;0322;275/75R;110;PIRELLI;FR88; 0; 1;DE;NOVO;DD;PTN-9186; 132247;; 26062; 12; 13; 13; 12;SIM;Makson
25/02/2022;0323;275/75R;110;PIRELLI;FR88; 0; 1;DD;NOVO;DIANTEIRO;PTO-9592; 103730;; ; 13; 13; 13; 12;SIM;Makson
25/02/2022;0324;275/75R;110;MICHELIN;X MULTI; 0; 2;TEE;RECAPADO;TRASEIRO;PTO-9592; 103730;; ; 10; 8; 8; 10;SIM;Makson
25/02/2022;0325;275/75R;110;MICHELIN;X MULTI; 0; 2;TEI;RECAPADO;TRASEIRO;PTO-9592; 103730;; ; 9; 7; 8; 9;SIM;Makson
25/02/2022;0326;275/75R;110;GOODYEAR;KMAX-S; 0; 2;ESTO;RECAPADO;Descartado;00000; 103730;123666; 19936; 9; 8; 7; 9;NÃO;Makson
25/02/2022;0327;275/75R;110;BRIDGESTONE;R268; 0; 2;STP1;RECAPADO;STEP;PTO-9592; 103730;; ; 12; 11; 11; 12;SIM;Makson
25/02/2022;0328;275/75R;110;GOODYEAR;KMAX-S; 0; 2;TDI;RECAPADO;TRASEIRO;PTO-9592; 125334;; ; 10; 10; 10; 10;SIM;Makson
26/02/2022;0297;275/75R;110;PIRELLI;FR88; 0; 1;ESTO;NOVO;Descartado;00000; 0;174643; 284221; 11; 11; 11; 11;SIM;Makson
26/02/2022;0298;275/75R;110;PIRELLI;FR88; 0; 1;ESTO;NOVO;Descartado;00000; 0;177057; 286635; 11; 11; 11; 11;NÃO;Makson
26/02/2022;0299;275/75R;110;GOODYEAR;KMAX-S; 0; 2;ESTO;RECAPADO;ESTOQUE;0000; 124472;154456; 29984; 6; 5; 5; 7;NÃO;Makson
26/02/2022;0300;275/75R;110;GOODYEAR;KMAX-S; 0; 2;TEE;RECAPADO;TRASEIRO;PTP-1107; 170629;; 109573; 7; 7; 6; 6;SIM;Makson
26/02/2022;0301;275/75R;110;GOODYEAR;KMAX-S; 0; 2;ESTO;RECAPADO;Descartado;00000; 65070;177057; 111987; 7; 7; 7; 8;NÃO;Makson
26/02/2022;0302;275/75R;110;PIRELLI;FR88; 0; 2;STP1;RECAPADO;Descartado;00000; 174643;174643; 29984; 9; 8; 9; 9;NÃO;Makson
26/02/2022;0303;275/75R;110;GOODYEAR;KMAX-S; 0; 2;TEI;RECAPADO;TRASEIRO;PTO-4469; 82070;; ; 15; 15; 15; 15;SIM;Makson
26/02/2022;0304;275/75R;110;GOODYEAR;KMAX-S; 0; 2;ESTO;RECAPADO;Descartado;00000; 124472;154456; 29984; 15; 15; 15; 15;NÃO;Makson
26/02/2022;0305;275/75R;110;PIRELLI;FR88; 0; 2;ESTO;RECAPADO;Descartado;00000; 124472;154456; 29984; 4; 5; 5; 6;NÃO;Makson
26/02/2022;0306;275/75R;110;PIRELLI;FR88; 0; 2;ESTO;RECAPADO;Descartado;00000; 124472;154456; 29984; 7; 6; 7; 6;NÃO;Makson
26/02/2022;0307;275/75R;110;PIRELLI;FR88; 0; 2;ESTO;RECAPADO;Descartado;00000; 124472;154456; 29984; 8; 8; 9; 10;NÃO;Makson
26/02/2022;0336;275/75R;110;MICHELIN;X MULTI; 0; 1;ESTO;NOVO;Descartado;00000; 82066;120315; 38249; 10; 11; 10; 10;NÃO;Makson
26/02/2022;0337;275/75R;110;MICHELIN;X MULTI; 0; 1;ESTO;NOVO;Descartado;00000; 82066;120315; 38249; 10; 11; 11; 11;NÃO;Makson
26/02/2022;0338;275/75R;110;PIRELLI;FR88; 0; 2;TDI;RECAPADO;TRASEIRO;ROG-9B93; 38518;; 19017; 7; 8; 8; 8;SIM;Makson
26/02/2022;0339;275/75R;110;PIRELLI;FR88; 0; 2;STP1;RECAPADO;TRASEIRO;PTN-9186; 131828;; ; 9; 10; 9; 9;SIM;Makson
26/02/2022;0340;275/75R;110;GOODYEAR;KMAX-S; 0; 2;TEI;RECAPADO;TRASEIRO;PTO-8200; 65070;; ; 6; 6; 6; 6;SIM;Makson
26/02/2022;0341;275/75R;110;GOODYEAR;KMAX-S; 0; 2;STP1;RECAPADO;STEP;PTO-4469; 82070;; 34294; 11; 9; 9; 9;SIM;Makson
26/02/2022;0342;275/75R;110;GOODYEAR;KMAX-S; 0; 1;ESTO;NOVO;Descartado;00000; 122466;124195; 20746; 8; 10; 11; 11;NÃO;Makson
03/03/2022;0329;275/75R;110;PIRELLI;FR88; 0; 1;1LEI;NOVO;DIANTEIRO;ROF-3H84; 31752;; ; 12; 13; 13; 11;SIM;Makson
03/03/2022;0330;275/75R;110;PIRELLI;FR88; 0; 1;1LEE;NOVO;TRASEIRO;PTP-1107; 120856;; 149652; 13; 13; 13; 12;SIM;Makson
03/03/2022;0331;275/75R;110;GOODYEAR;KMAX-S; 0; 2;TEE;RECAPADO;TRASEIRO;PTN-9166; 99396;; ; 8; 7; 7; 8;SIM;Makson
03/03/2022;0332;275/75R;110;GOODYEAR;KMAX-S; 0; 2;TEI;RECAPADO;TRASEIRO;PTN-9166; 99396;; ; 10; 9; 9; 10;SIM;Makson
03/03/2022;0333;275/75R;110;GOODYEAR;KMAX-S; 0; 2;TDE;RECAPADO;TRASEIRO;PTN-9166; 99396;; ; 10; 8; 8; 10;SIM;Makson
03/03/2022;0334;275/75R;110;GOODYEAR;KMAX-S; 0; 2;TDI;RECAPADO;TRASEIRO;PTN-9166; 99396;; ; 9; 8; 9; 10;SIM;Makson
03/03/2022;0335;275/75R;110;PIRELLI;FR88; 0; 2;STP1;RECAPADO;Descartado;00000; 130526;118522; 19126; 6; 5; 5; 4;NÃO;Makson
15/03/2022;0364;275/75R;110;BFGOODRICH;ST250; 0; 1;TDE;NOVO;TRASEIRO;PTO-8207; 113056;; 22450; 9; 10; 10; 8;SIM;Makson
15/03/2022;0365;275/75R;110;BFGOODRICH;ST250; 0; 1;TDI;NOVO;TRASEIRO;PTO-8207; 113056;; 36397; 9; 10; 10; 10;SIM;Makson
15/03/2022;0366;275/75R;110;GOODYEAR;KMAX-S; 0; 2;TDE;RECAPADO;TRASEIRO;ROG-9B93; 0;; 37420; 6; 5; 5; 7;SIM;Makson
15/03/2022;0367;275/75R;110;GOODYEAR;KMAX-S; 0; 2;STP1;RECAPADO;STEP;PTO-0514; 136443;; 173863; 9; 8; 8; 8;SIM;Makson
15/03/2022;0368;275/75R;110;GOODYEAR;KMAX-S; 0; 2;TDI;RECAPADO;TRASEIRO;PTO-0514; 99023;; ; 8; 6; 6; 7;SIM;Makson
15/03/2022;0369;275/75R;110;GOODYEAR;KMAX-S; 0; 2;TDE;RECAPADO;TRASEIRO;PTO-0514; 99023;; ; 9; 9; 7; 8;SIM;Makson
15/03/2022;0370;275/75R;110;PIRELLI;FR88; 0; 2;TEI;RECAPADO;Descartado;00000; 0;121473; 157870; 12; 10; 10; 12;NÃO;Makson
15/03/2022;0371;275/75R;110;PIRELLI;FR88; 0; 1;ESTO;NOVO;Descartado;00000; 101035;139133; 38098; 13; 13; 13; 13;SIM;Makson
15/03/2022;0372;275/75R;110;PIRELLI;FR88; 0; 1;ESTO;NOVO;Descartado;00000; 101035;139133; 38098; 13; 13; 13; 13;SIM;Makson
15/03/2022;0373;275/75R;110;GOODYEAR;KMAX-S; 0; 2;TEE;RECAPADO;TRASEIRO;PTO-9262; 101035;; ; 13; 13; 13; 13;SIM;Makson
15/03/2022;0374;275/75R;110;GOODYEAR;KMAX-S; 0; 2;TEI;RECAPADO;TRASEIRO;PTO-9262; 101035;; ; 13; 13; 13; 13;SIM;Makson
15/03/2022;0375;275/75R;110;GOODYEAR;KMAX-S; 0; 2;STP1;RECAPADO;STEP;PTO-9262; 101035;; ; 14; 13; 13; 14;SIM;Makson
15/03/2022;0376;275/75R;110;GOODYEAR;KMAX-S; 0; 2;ESTO;RECAPADO;Descartado;00000; 101035;116346; 15311; 13; 13; 13; 13;NÃO;Makson
15/03/2022;0377;275/75R;110;GOODYEAR;KMAX-S; 0; 2;ESTO;RECAPADO;Descartado;00000; 101035;116346; 15311; 12; 12; 12; 12;NÃO;Makson
15/03/2022;0357;275/75R;110;PIRELLI;FR88; 0; 1;TDI;NOVO;TRASEIRO;PTO-4908; 128908;; 0; 9; 11; 11; 10;SIM;Makson
15/03/2022;0358;275/75R;110;PIRELLI;FR88; 0; 2;TEI;RECAPADO;TRASEIRO;PTO-4908; 130004;; 4958; 13; 13; 13; 14;SIM;Makson
15/03/2022;0359;275/75R;110;PIRELLI;FR88; 0; 1;TDE;encapado;TRASEIRO;ROE-9F05; 58448;; ; 13; 14; 0; 0;SIM;Makson
15/03/2022;0360;275/75R;110;PIRELLI;FR88; 0; 2;TEI;encapado;TRASEIRO;ROE-9F05; 58448;; ; 7; 11; 0; 0;SIM;Makson
15/03/2022;0361;275/75R;110;PIRELLI;TR88; 0; 2;TDI;encapado;TRASEIRO;ROE-9F05; 58448;; ; 13; 13; 0; 0;SIM;Makson
15/03/2022;0362;275/75R;110;PIRELLI;TR88; 0; 2;TEE;encapado;TRASEIRO;ROE-9F05; 58448;; ; 9; 7; 0; 0;SIM;Makson
15/03/2022;0363;275/75R;110;GOODYEAR;KMAX-S; 0; 2;STP1;novo;STEP;ROE-9F05; 61175;; 23192; 15; 14; 14; 15;SIM;Makson
15/03/2022;0385;275/75R;110;PIRELLI;FR88; 0; 1;DE;NOVO;DIANTEIRO;PTO-8177; 93309;; ; 12; 12; 13; 13;SIM;Makson
15/03/2022;0386;275/75R;110;PIRELLI;FR88; 0; 1;DD;NOVO;DIANTEIRO;PTO-8177; 93309;; ; 13; 13; 13; 13;SIM;Makson
15/03/2022;0387;275/75R;110;MICHELIN;X MULTI; 0; 2;TEE;RECAPADO;TRASEIRO;PTO-8177; 93309;; ; 15; 14; 14; 15;SIM;Makson
15/03/2022;0388;275/75R;110;PIRELLI;FR88; 0; 2;TEI;RECAPADO;TRASEIRO;PTO-8177; 93309;; ; 14; 13; 13; 14;SIM;Makson
15/03/2022;0389;275/75R;110;PIRELLI;FR88; 0; 2;TDE;RECAPADO;TRASEIRO;PTO-8177; 93309;; ; 14; 14; 14; 14;SIM;Makson
15/03/2022;0390;275/75R;110;PIRELLI;FR88; 0; 2;TDI;RECAPADO;TRASEIRO;PTO-8177; 93309;; ; 15; 14; 14; 15;SIM;Makson
15/03/2022;0391;275/75R;110;GOODYEAR;KMAX-S; 0; 2;STP1;RECAPADO;STEP;PTO-8177; 93309;; ; 16; 16; 16; 16;SIM;Makson
15/03/2022;0392;275/75R;110;PIRELLI;FR88; 0; 1;DE;NOVO;DIANTEIRO;PTO-8207; 113056;; 0; 14; 14; 14; 14;SIM;Makson
15/03/2022;0393;275/75R;110;PIRELLI;FR88; 0; 1;DD;NOVO;DIANTEIRO;PTO-8207; 113056;; 0; 13; 14; 14; 14;SIM;Makson
15/03/2022;0394;275/75R;110;MICHELIN;X MULTI; 0; 2;TEE;RECAPADO;TRASEIRO;PTO-8167; 116222;; ; 6; 6; 6; 7;SIM;Makson
15/03/2022;0395;275/75R;110;PIRELLI;FR88; 0; 2;TEI;RECAPADO;TRASEIRO;PTO-8167; 116222;; ; 5; 5; 4; 5;SIM;Makson
15/03/2022;0396;275/75R;110;GOODYEAR;KMAX-S; 0; 2;TDE;RECAPADO;TRASEIRO;PTO-8167; 116222;; ; 6; 6; 6; 6;SIM;Makson
15/03/2022;0397;275/75R;110;GOODYEAR;KMAX-S; 0; 2;TDI;RECAPADO;TRASEIRO;PTO-8167; 116222;; ; 7; 7; 6; 5;SIM;Makson
15/03/2022;0398;275/75R;110;PIRELLI;FR88; 0; 2;STP1;RECAPADO;STEP;PTP-0263; 94084;; ; 11; 10; 10; 10;SIM;Makson
19/03/2022;0399;275/75R;110;PIRELLI;FR88; 0; 1;DE;NOVO;DIANTEIRO;PTP-0263; 80926;; ; 12; 12; 12; 12;SIM;Makson
19/03/2022;0400;275/75R;110;PIRELLI;FR88; 0; 1;DD;NOVO;DIANTEIRO;PTP-0263; 80926;; ; 11; 12; 12; 12;SIM;Makson
19/03/2022;0401;275/75R;110;MICHELIN;X MULTI; 0; 2;TDE;RECAPADO;TRASEIRO;ROG-0G63; 39000;; 24693; 9; 7; 8; 10;SIM;Makson
19/03/2022;0402;275/75R;110;MICHELIN;X MULTI; 0; 2;ESTO;RECAPADO;Descartado;00000; 45883;107981; 89153; 11; 8; 8; 10;NÃO;Makson
19/03/2022;0403;275/75R;110;GOODYEAR;KMAX-S; 0; 1;TEE;NOVO;TRASEIRO;PTP-0233; 83276;; ; 6; 5; 5; 6;SIM;Makson
19/03/2022;0404;275/75R;110;GOODYEAR;KMAX-S; 0; 1;TEE;NOVO;TRASEIRO;PTO-4469; 84584;; 24693; 8; 7; 6; 5;SIM;Makson
19/03/2022;0405;275/75R;110;BFGOODRICH;ST250; 0; 2;ESTO;RECAPADO;ESTOQUE;0000; 106922;132247; -43990; 6; 5; 4; 6;NÃO;Makson
24/03/2022;0343;275/75R;110;MICHELIN;X MULTI; 0; 1;DE;NOVO;DIANTEIRO;PTO-4429; 95526;; ; 12; 12; 12; 12;SIM;Makson
24/03/2022;0344;275/75R;110;MICHELIN;X MULTI; 0; 1;DD;NOVO;DIANTEIRO;PTO-4429; 95526;; ; 12; 12; 12; 11;SIM;Makson
24/03/2022;0345;275/75R;110;PIRELLI;FR88; 0; 2;ESTO;RECAPADO;Estoque;EXX-0001; 95526;; ; 10; 10; 10; 9;SIM;Makson
24/03/2022;0346;275/75R;110;PIRELLI;FR88; 0; 2;ESTO;RECAPADO;Estoque;EXX-0001; 95526;; ; 11; 11; 11; 11;SIM;Makson
24/03/2022;0347;275/75R;110;PIRELLI;FR88; 0; 2;STP1;RECAPADO;STEP;PTO-4479; 101703;; ; 3; 2; 3; 4;SIM;Makson
24/03/2022;0348;275/75R;110;PIRELLI;FR88; 0; 2;ESTO;RECAPADO;Estoque;EXX-0001; 95526;; ; 9; 8; 8; 8;SIM;Makson
24/03/2022;0349;275/75R;110;MICHELIN;X MULTI; 0; 2;ESTO;RECAPADO;Estoque;EXX-0001; 95526;; ; 4; 5; 7; 8;SIM;Makson
24/03/2022;0350;275/75R;110;PIRELLI;FR88; 0; 1;1LEE;NOVO;TRASEIRO;PTO-8200; 135848;; 26980; 12; 13; 13; 12;SIM;Makson
24/03/2022;0351;275/75R;110;PIRELLI;FR88; 0; 2;ILEI;NOVO;TRASEIRO;PTO-8200; 135848;; 26980; 11; 13; 12; 12;SIM;Makson
24/03/2022;0352;275/75R;110;GOODYEAR;KMAX-S; 0; 2;TDI;RECAPADO;TRASEIRO;PTP-0263; 81672;; -106705; 9; 8; 8; 9;SIM;Makson
24/03/2022;0353;275/75R;110;GOODYEAR;KMAX-S; 0; 2;ESTO;NOVO;Descartado;00000; 67077;135848; 68771; 11; 10; 10; 11;NÃO;Makson
24/03/2022;0354;275/75R;110;GOODYEAR;KMAX-S; 0; 2;ESTO;RECAPADO;Descartado;00000; 133284;177065; 68197; 7; 6; 6; 7;NÃO;Makson
24/03/2022;0355;275/75R;110;GOODYEAR;KMAX-S; 0; 2;TDE;RECAPADO;TRASEIRO;PTP-0263; 108868;; ; 10; 10; 9; 9;SIM;Makson
24/03/2022;0356;275/75R;110;GOODYEAR;KMAX-S; 0; 1;STP1;NOVO;STEP;PTO-4489; 110720;; 15082; 16; 16; 16; 16;SIM;Makson
24/03/2022;0406;275/75R;115;BRIDGESTONE;R268; 0; 1;DE;NOVO;DIANTEIRO;ROF-3I05; 42076;; 0; 15; 14; 15; 14;SIM;Makson
24/03/2022;0407;275/75R;115;BRIDGESTONE;R268; 0; 1;DD;NOVO;DIANTEIRO;ROF-3I05; 42076;; 0; 14; 14; 14; 14;SIM;Makson
24/03/2022;0408;275/75R;115;BRIDGESTONE;M736; 0; 1;TEE;NOVO;TRASEIRO;ROF-7B10; 14336;; ; 21; 21; 20; 21;SIM;Makson
24/03/2022;0409;275/75R;115;BRIDGESTONE;M736; 0; 1;TEI;NOVO;TRASEIRO;ROF-7B10; 14336;; ; 20; 20; 19; 19;SIM;Makson
24/03/2022;0410;275/75R;115;BRIDGESTONE;M736; 0; 1;TDE;NOVO;TRASEIRO;ROF-7B10; 39000;; 24664; 20; 20; 21; 21;SIM;Makson
24/03/2022;0411;275/75R;115;BRIDGESTONE;M736; 0; 1;TDI;NOVO;TRASEIRO;ROF-7B10; 14336;; ; 21; 21; 20; 20;SIM;Makson
24/03/2022;0412;275/75R;115;GOODYEAR;KMAX-S; 0; 2;ILDE;RECAPADO;TRASEIRO;ROD-9B94; 21495;; 24664; 16; 17; 16; 16;SIM;Makson
12/04/2022;0419;275/75R;110;PIRELLI;FR88; 0; 1;TEE;NOVO;DIANTEIRO;ROE-9J71; 18012;; ; 15; 16; 16; 15;SIM;Makson
12/04/2022;0444;275/75R;110;PIRELLI;FR88; 0; 1;DD;NOVO;DIANTEIRO;ROE-9J71; 18012;; ; 16; 16; 16; 16;SIM;Makson
12/04/2022;0415;275/75R;110;PIRELLI;FR88; 0; 1;TEE;NOVO;TRASEIRO;ROE-9J71; 40245;; 10223; 12; 16; 16; 11;SIM;Makson
12/04/2022;0416;275/75R;110;PIRELLI;FR88; 0; 1;TEI;NOVO;TRASEIRO;ROE-9J71; 18012;; ; 12; 16; 15; 8;SIM;Makson
12/04/2022;0417;275/75R;110;PIRELLI;FR88; 0; 1;TDE;NOVO;TRASEIRO;ROE-9J71; 18012;; ; 11; 15; 15; 11;SIM;Makson
12/04/2022;0418;275/75R;110;PIRELLI;FR88; 0; 1;TDI;NOVO;TRASEIRO;ROE-9J71; 18012;; ; 10; 15; 14; 9;SIM;Makson
12/04/2022;0414;275/75R;110;PIRELLI;FR88; 0; 1;STP1;NOVO;STEP;ROE-9J71; 18012;; ; 12; 12; 12; 12;SIM;Makson
20/04/2022;0420;275/75R;110;PIRELLI;FR88; 0; 1;ESTO;NOVO;Descartado;00000; 46107;43721; 36429; 13; 14; 14; 14;NÃO;Makson
20/04/2022;0421;275/75R;110;PIRELLI;FR88; 0; 1;DD;NOVO;DIANTEIRO;ROF-3H84; 45883;; 33869; 14; 14; 14; 14;SIM;Makson
20/04/2022;0422;275/75R;110;MICHELIN;X MULTI; 0; 2;TEE;RECAPADO;TRASEIRO;ROG-9C07; 6158;; ; 13; 13; 13; 13;SIM;Makson
20/04/2022;0423;275/75R;110;BRIDGESTONE;R268; 0; 2;TEI;RECAPADO;TRASEIRO;ROG-9C07; 6158;; ; 13; 12; 12; 12;SIM;Makson
20/04/2022;0424;275/75R;110;MICHELIN;X MULTI; 0; 2;TDE;RECAPADO;TRASEIRO;ROG-9C07; 6158;; ; 14; 13; 13; 13;SIM;Makson
20/04/2022;0425;275/75R;110;PIRELLI;FR88; 0; 2;TDI;RECAPADO;TRASEIRO;PTO-8200; 65070;; ; 12; 12; 12; 12;SIM;Makson
20/04/2022;0426;275/75R;110;GOODYEAR;KMAX-S; 0; 2;ILDE;RECAPADO;TRASEIRO;ROG-9C07; 6158;; ; 13; 12; 12; 13;SIM;Makson
20/04/2022;0427;275/75R;110;GOODYEAR;KMAX-S; 0; 2;ESTO;RECAPADO;Descartado;00000; 6158;43813; 37655; 13; 12; 12; 12;NÃO;Makson
20/04/2022;0428;275/75R;110;GOODYEAR;KMAX-S; 0; 2;TDI;RECAPADO;TRASEIRO;ROG-9C07; 6158;; ; 13; 12; 12; 13;SIM;Makson
20/04/2022;0429;275/75R;110;MICHELIN;X MULTI; 0; 2;ESTO;RECAPADO;Descartado;00000; 73231;73231; 0; 14; 13; 13; 14;NÃO;Makson
20/04/2022;0430;275/75R;110;BFGOODRICH;ST250; 0; 1;STP1;NOVO;STEP;PTO-9312; 6158;; ; 7; 8; 9; 8;SIM;Makson
20/04/2022;0431;275/75R;110;GOODYEAR;KMAX-S; 0; 1;ESTO;NOVO;Descartado;00000; 133072;43721; 12267; 5; 4; 4; 5;NÃO;Makson
20/04/2022;0432;275/75R;110;GOODYEAR;KMAX-S; 0; 1;1LEE;NOVO;TRASEIRO;ROD-9B94; 21495;; 100000; 10; 9; 10; 10;SIM;Makson
20/04/2022;0433;275/75R;110;GOODYEAR;KMAX-S; 0; 2;STP1;RECAPADO;STEP;PTO-4459; 12836;; ; 3; 3; 3; 4;SIM;Makson
20/04/2022;0434;275/75R;110;GOODYEAR;KMAX-S; 0; 2;STP1;RECAPADO;STEP;PTO-6615; 107336;; 1944; 8; 8; 8; 8;SIM;Makson
20/04/2022;0435;275/75R;110;GOODYEAR;KMAX-S; 0; 2;TEE;RECAPADO;ESTOQUE;PTO-8200; 133072;; 100000; 6; 6; 6; 6;SIM;Makson
20/04/2022;0436;275/75R;110;GOODYEAR;KMAX-S; 0; 2;TEE;RECAPADO;TRASEIRO;PTP-0263; 12836;; ; 5; 5; 5; 5;SIM;Makson
20/04/2022;0437;275/75R;110;GOODYEAR;KMAX-S; 0; 2;ESTO;RECAPADO;Descartado;00000; 102400;115227; 12827; 11; 10; 10; 10;NÃO;Makson
20/04/2022;0438;275/75R;110;PIRELLI;FR88; 0; 1;ILDE;NOVO;TRASEIRO;PTP-1107; 128351;; 66885; 10; 11; 11; 10;SIM;Makson
20/04/2022;0439;275/75R;110;PIRELLI;FR88; 0; 1;ILDI;NOVO;TRASEIRO;PTP-1107; 128351;; 66885; 10; 11; 11; 11;SIM;Makson
20/04/2022;0440;275/75R;110;PIRELLI;TR88; 0; 1;TEE;NOVO;TRASEIRO;ROE-9J69; 18948;; ; 11; 15; 15; 10;SIM;Makson
20/04/2022;0441;275/75R;110;PIRELLI;TR88; 0; 1;TEI;NOVO;TRASEIRO;ROE-9J69; 18948;; ; 10; 15; 14; 7;SIM;Makson
20/04/2022;0442;275/75R;110;PIRELLI;TR88; 0; 1;TDE;NOVO;TRASEIRO;ROE-9J69; 18948;; ; 10; 15; 15; 11;SIM;Makson
20/04/2022;0443;275/75R;110;PIRELLI;TR88; 0; 1;TDI;NOVO;TRASEIRO;ROE-9J69; 18948;; ; 9; 15; 14; 7;SIM;Makson
20/04/2022;0413;275/75R;110;PIRELLI;FR88; 0; 1;DE;NOVO;DIANTEIRO;PTO-4479; 119915;; ; 12; 12; 12; 10;SIM;Makson
23/04/2022;0445;275/75R;110;PIRELLI;FR88; 0; 1;TEI;NOVO;TRASEIRO;PTO-4489; 110720;; 12885; 11; 12; 12; 11;SIM;Makson
23/04/2022;0446;275/75R;110;PIRELLI;FR88; 0; 1;DE;NOVO;DIANTEIRO;ROF-7A05; 14848;; ; 12; 12; 13; 12;SIM;Makson
23/04/2022;0447;275/75R;110;PIRELLI;TR88; 0; 1;TEE;NOVO;TRASEIRO;ROF-7A05; 14848;; ; 12; 16; 16; 12;SIM;Makson
23/04/2022;0448;275/75R;110;PIRELLI;TR88; 0; 1;TEI;NOVO;TRASEIRO;ROF-7A05; 14848;; ; 11; 16; 16; 9;SIM;Makson
23/04/2022;0449;275/75R;110;PIRELLI;TR88; 0; 1;TDE;NOVO;TRASEIRO;ROF-7A05; 14848;; ; 11; 17; 17; 12;SIM;Makson
23/04/2022;0450;275/75R;110;PIRELLI;TR88; 0; 1;TDI;NOVO;TRASEIRO;ROF-7A05; 14848;; ; 12; 16; 16; 9;SIM;Makson
23/04/2022;0451;275/75R;110;PIRELLI;FR88; 0; 1;DD;NOVO;DIANTEIRO;PTO-9312; 138887;; ; 15; 15; 15; 15;SIM;Makson
18/08/2022;0488;275;120;BRIDGESTONE;R268; 0; 1;DE;NOVO;DIANTEIRO;ROG-9B93; 20667;; ; 15; 15; 15; 15;SIM;Makson
18/08/2022;0489;275;120;BRIDGESTONE;R268; 0; 1;DD;NOVO;DIANTEIRO;ROG-9B93; 20667;; ; 15; 15; 15; 15;SIM;Makson
18/08/2022;0490;275;120;BRIDGESTONE;M736; 0; 1;TEE;NOVO;TRASEIRO;ROG-9B93; 20667;; ; 20; 19; 19; 19;SIM;Makson
18/08/2022;0491;275/75R;120;BRIDGESTONE;M736; 0; 1;TEI;NOVO;TRASEIRO;ROG-9B93; 20667;; ; 16; 15; 15; 13;SIM;Makson
18/08/2022;0492;275;120;BRIDGESTONE;M736; 0; 1;STP1;NOVO;STEP;ROG-9B93; 20667;; ; 20; 18; 18; 18;SIM;Makson
18/08/2022;0493;275;120;BRIDGESTONE;M736; 0; 1;ESTO;NOVO;Descartado;00000; 20667;43885; 23218; 17; 17; 14; 12;NÃO;Makson
18/08/2022;0494;275/75R;110;BRIDGESTONE;R268; 0; 2;DD;encapado;DIANTEIRO;ROG-9C07; 0;; 1105; 14; 14; 14; 14;SIM;Makson
19/08/2022;0495;275/75R;120;PIRELLI;FR88; 0; 1;TDE;NOVO;TRASEIRO;ROD-9B94; 21495;; 52197; 8; 8; 7; 7;SIM;Makson
19/08/2022;0496;275/75R;120;PIRELLI;FR88; 0; 1;TEE;NOVO;TEE;ROD-9D39; 50313;; 63210; 8; 9; 9; 9;SIM;Makson
19/08/2022;0497;275/75R;110;PIRELLI;FR88; 0; 2;1LEE;RECAPADO;TRASEIRO;ROD-9D39; 37416;; ; 14; 14; 14; 14;SIM;Makson
19/08/2022;0498;275/75R;110;PIRELLI;FR88; 0; 2;1LEI;RECAPADO;TRASEIRO;ROD-9D39; 37416;; ; 14; 14; 14; 14;SIM;Makson
19/08/2022;0499;275/75R;110;PIRELLI;FR88; 0; 2;LEE;RECAPADO;Descartado;00000; 0;39300; 52197; 13; 13; 13; 13;NÃO;Makson
19/08/2022;0500;275/75R;110;PIRELLI;FR88; 0; 2;ESTO;RECAPADO;Descartado;00000; 52857;50313; 12897; 13; 12; 12; 13;NÃO;Makson
19/08/2022;0501;275/75R;110;PIRELLI;FR88; 0; 2;ILDE;RECAPADO;TRASEIRO;ROD-9D39; 37416;; ; 14; 14; 14; 14;SIM;Makson
19/08/2022;0502;275/75R;110;PIRELLI;FR88; 0; 2;ILDI;RECAPADO;TRASEIRO;ROD-9D39; 37416;; ; 14; 14; 14; 14;SIM;Makson
19/08/2022;0503;275/75R;110;PIRELLI;FR88; 0; 2;TDI;RECAPADO;TRASEIRO;PTO-9262; 52857;; 15441; 14; 14; 14; 14;SIM;Makson
19/08/2022;0504;275/75R;110;PIRELLI;FR88; 0; 2;TDI;RECAPADO;TRASEIRO;ROD-9D39; 52857;; 3232; 11; 11; 0; 0;SIM;Makson
19/08/2022;0505;275/75R;110;MICHELIN;X MULTI; 0; 2;STP1;RECAPADO;STEP;ROD-9D39; 39300;; -86378; 13; 12; 12; 13;SIM;Makson
23/08/2022;0506;275/75R;110;PIRELLI;FR88; 0; 1;DE;NOVO;DIANTEIRO;PTP-0851; 116751;; 129441; 8; 8; 8; 8;SIM;Makson
23/08/2022;0507;275/75R;110;PIRELLI;FR88; 0; 1;DD;NOVO;DIANTEIRO;PTP-0851; 116747;; ; 8; 7; 7; 8;SIM;Makson
23/08/2022;0380;275/75R;100;MICHELIN;X MULTI; 0; 2;ESTO;RECAPADO;ESTOQUE;0000; 0;116747; 12161; 8; 8; 8; 10;NÃO;Makson
23/08/2022;0381;275/75R;100;MICHELIN;X MULTI; 0; 2;TEE;RECAPADO;TRASEIRO;PTP-0851; 116751;; 129441; 8; 7; 7; 8;SIM;Makson
23/08/2022;0382;275/75R;100;MICHELIN;X MULTI; 0; 2;TEI;RECAPADO;TRASEIRO;PTP-0851; 116747;; ; 10; 6; 5; 7;SIM;Makson
23/08/2022;0383;275/75R;100;MICHELIN;X MULTI; 0; 2;TDI;RECAPADO;TRASEIRO;PTP-0851; 116747;; ; 9; 9; 9; 9;SIM;Makson
23/08/2022;0384;275/75R;100;PIRELLI;FR88; 0; 2;ESTO;RECAPADO;Descartado;00000; 116747;128908; 12161; 6; 5; 5; 5;NÃO;Makson
24/08/2022;0470;275/75R;110;PIRELLI;FR88; 0; 1;DE;NOVO;DIANTEIRO;PTO-6615; 122935;; 137417; 10; 11; 11; 11;SIM;Makson
24/08/2022;0471;275/75R;110;PIRELLI;FR88; 0; 1;ILDI;NOVO;TRASEIRO;ROG-0G55; 115571;; 4; 10; 11; 11; 10;SIM;Makson
24/08/2022;0472;275/75R;110;GOODYEAR;KMAX-S; 0; 2;TEE;RECAPADO;TRASEIRO;PTO-6615; 122060;; ; 3; 4; 0; 0;SIM;Makson
24/08/2022;0473;275/75R;110;MICHELIN;X MULTI; 0; 2;ESTO;RECAPADO;Descartado;00000; 122930;122934; 4; 8; 6; 6; 7;NÃO;Makson
24/08/2022;0474;275/75R;110;MICHELIN;X MULTI; 0; 2;ESTO;RECAPADO;Descartado;00000; 122930;122934; 4; 9; 8; 7; 10;NÃO;Makson
24/08/2022;0475;275/75R;110;MICHELIN;X MULTI; 0; 2;TDE;RECAPADO;TRASEIRO;PTO-6615; 122060;; 139361; 10; 9; 9; 10;SIM;Makson
24/08/2022;0476;275/75R;110;GOODYEAR;KMAX-S; 0; 2;ESTO;RECAPADO;Descartado;00000; 122930;122934; 4; 8; 6; 7; 8;NÃO;Makson
24/08/2022;0145;275/75R;110;PIRELLI;FR88; 0; 1;ESTO;NOVO;ESTOQUE;EXX-0001; 33667;; ; 15; 15; 15; 15;SIM;Makson
25/08/2022;0517;275/75R;115;PIRELLI;FR88; 0; 1;ILEI;NOVO;TRASEIRO;PTO-4908; 40506;; ; 10; 11; 11; 9;SIM;Makson
25/08/2022;0518;275/75R;115;PIRELLI;FR88; 0; 1;ESTO;NOVO;Descartado;00000; 40506;63296; 22790; 9; 11; 10; 9;NÃO;Makson
25/08/2022;0519;275/75R;110;PIRELLI;TR88; 0; 1;TEE;NOVO;TRASEIRO;ROE-9F11; 40506;; ; 11; 14; 15; 9;SIM;Makson
25/08/2022;0520;275/75R;110;PIRELLI;TR88; 0; 1;TEI;NOVO;TRASEIRO;ROE-9F11; 40506;; ; 9; 14; 12; 6;SIM;Makson
25/08/2022;0521;275/75R;110;PIRELLI;TR88; 0; 1;TDE;NOVO;TRASEIRO;ROE-9F11; 40510;; 523; 9; 14; 14; 9;SIM;Makson
25/08/2022;0522;275/75R;110;PIRELLI;TR88; 0; 1;TDI;NOVO;TRASEIRO;ROE-9F11; 40506;; ; 8; 14; 11; 5;SIM;Makson
25/08/2022;0523;275/75R;110;PIRELLI;FR88; 0; 2;STP1;RECAPADO;STEP;ROE-9F11; 40506;; ; 14; 14; 14; 14;SIM;Makson
25/08/2022;0477;275/75R;110;GOODYEAR;KMAX-S; 0; 1;DE;NOVO;DIANTEIRO;OXY-1094; 319295;; ; 17; 17; 17; 17;SIM;Makson
25/08/2022;0478;275/75R;110;GOODYEAR;KMAX-S; 0; 1;DD;NOVO;DIANTEIRO;OXY-1094; 319295;; ; 17; 17; 17; 17;SIM;Makson
25/08/2022;0479;275/75R;110;FORMULA;ORIVEI; 0; 2;TEE;RECAPADO;TRASEIRO;OXY-1094; 319295;; ; 15; 14; 14; 15;SIM;Makson
25/08/2022;0480;275/75R;110;GOODYEAR;KMAX-S; 0; 2;TEI;RECAPADO;TRASEIRO;OXY-1094; 319295;; ; 15; 14; 14; 15;SIM;Makson
25/08/2022;0481;275/75R;110;PIRELLI;FR88; 0; 2;LEE;RECAPADO;TRASEIRO;OXY-1094; 319295;; ; 4; 4; 3; 3;SIM;Makson
25/08/2022;0482;275/75R;110;PIRELLI;FR88; 0; 2;LEI;RECAPADO;TRASEIRO;OXY-1094; 319295;; ; 6; 5; 5; 6;SIM;Makson
25/08/2022;0483;275/75R;110;PIRELLI;FR88; 0; 1;LDE;NOVO;TRASEIRO;OXY-1094; 319295;; ; 8; 8; 8; 6;SIM;Makson
25/08/2022;0484;275/75R;110;PIRELLI;FR88; 0; 1;LDI;NOVO;TRASEIRO;OXY-1094; 319295;; ; 6; 8; 8; 7;SIM;Makson
25/08/2022;0485;275/75R;110;GOODYEAR;ST250; 0; 2;TDE;RECAPADO;TRASEIRO;OXY-1094; 319295;; ; 5; 4; 4; 5;SIM;Makson
25/08/2022;0486;275/75R;110;BFGOODRICH;ST250; 0; 2;TDE;RECAPADO;TRASEIRO;PTO-9262; 115378;; ; 5; 4; 4; 5;SIM;Makson
25/08/2022;0487;275/75R;110;BRIDGESTONE;R268; 0; 1;STP1;NOVO;STEP;OXY-1094; 319295;; ; 6; 7; 8; 8;SIM;Makson
25/08/2022;0463;215/75R;100;GOODYEAR;RHS; 0; 1;DE;NOVO;DIANTEIRO;PSO-5865; 137214;; ; 5; 5; 5; 5;SIM;Makson
25/08/2022;0464;215/75R;100;GOODYEAR;RHS; 0; 1;DD;NOVO;DIANTEIRO;PSO-5865; 137214;; ; 8; 8; 6; 6;SIM;Makson
25/08/2022;0465;215/75R;100;GOODYEAR;RHS; 0; 2;TEE;RECAPADO;TRASEIRO;PSO-5865; 137214;; ; 6; 4; 4; 6;SIM;Makson
25/08/2022;0466;215/75R;100;BFGOODRICH;ST250; 0; 2;TEI;RECAPADO;TRASEIRO;PSO-5865; 137214;; ; 6; 4; 3; 6;SIM;Makson
25/08/2022;0467;215/75R;100;BFGOODRICH;ST250; 0; 2;TDE;RECAPADO;TRASEIRO;PSO-5865; 137214;; ; 7; 5; 5; 7;SIM;Makson
25/08/2022;0468;215/75R;100;MICHELIN;XZE2; 0; 2;TDI;RECAPADO;TRASEIRO;PSO-5865; 137214;; ; 5; 5; 5; 5;SIM;Makson
25/08/2022;0469;215/75R;100;MICHELIN;XZE2; 0; 2;STP1;RECAPADO;STEP;PSO-5865; 137214;; ; 10; 10; 10; 10;SIM;Makson
25/08/2022;0508;275/75R;100;PIRELLI;FR88; 0; 1;DE;NOVO;DIANTEIRO;PTO-4719; 108193;; ; 12; 12; 12; 11;SIM;Makson
25/08/2022;0509;275/75R;100;PIRELLI;FR88; 0; 1;DD;NOVO;DIANTEIRO;PTO-4719; 108193;; ; 12; 13; 13; 11;SIM;Makson
25/08/2022;0510;275/75R;100;BFGOODRICH;ST250; 0; 2;TEE;RECAPADO;TRASEIRO;PTO-4719; 108193;; ; 11; 11; 11; 13;SIM;Makson
25/08/2022;0511;275/75R;100;BFGOODRICH;ST250; 0; 2;TEI;RECAPADO;TRASEIRO;PTO-4719; 108193;; ; 12; 11; 11; 11;SIM;Makson
25/08/2022;0512;275/75R;100;MICHELIN;X MULTI; 0; 2;1LEE;RECAPADO;TRASEIRO;ROG-9C07; 22560;; ; 7; 5; 5; 7;SIM;Makson
25/08/2022;0513;275/75R;100;MICHELIN;X MULTI; 0; 2;ESTO;RECAPADO;Descartado;00000; 124976;108759; 108144; 6; 6; 6; 6;NÃO;Makson
26/08/2022;0524;275/75R;110;PIRELLI;FR88; 0; 2;TDE;encapado;TRASEIRO;PTO-9335; 31752;; ; 1; 1; 4; 1;SIM;Makson
26/08/2022;0525;275/75R;110;PIRELLI;FR88; 0; 1;TDI;NOVO;TRASEIRO;PTO-9312; 142408;; ; 5; 8; 8; 8;SIM;Makson
26/08/2022;0526;275/75R;100;PIRELLI;FR88; 0; 2;ILEE;NOVO;TRASEIRO;ROF-3H84; 45883;; 14131; 8; 7; 7; 8;SIM;Makson
26/08/2022;0527;275/75R;100;PIRELLI;FR88; 0; 1;TEI;NOVO;ESTOQUE;EXX-0001; 0;; 11969; 8; 7; 7; 7;SIM;Makson
05/09/2022;0529;275/75R;110;PIRELLI;FR88; 0; 1;DE;NOVO;DIANTEIRO;ROD-9B91; 34298;; ; 12; 13; 13; 11;SIM;Makson
05/09/2022;0530;275/75R;110;PIRELLI;FR88; 0; 1;DD;NOVO;DIANTEIRO;ROD-9B91; 34298;; ; 12; 13; 14; 13;SIM;Makson
05/09/2022;0531;275/75R;110;PIRELLI;FR88; 0; 1;TEI;NOVO;TRASEIRO;ROD-9B91; 34298;; ; 9; 7; 7; 8;SIM;Makson
05/09/2022;0532;275/75R;110;PIRELLI;FR88; 0; 1;ESTO;NOVO;ESTOQUE;EXX-0001; 34298;; ; 7; 7; 7; 8;SIM;Makson
05/09/2022;0533;275/75R;110;PIRELLI;FR88; 0; 2;ESTO;RECAPADO;ESTOQUE;EXX-0001; 34298;; ; 11; 10; 10; 11;SIM;Makson
05/09/2022;0534;275/75R;110;PIRELLI;FR88; 0; 1;DD;NOVO;ESTOQUE;EXX-0001; 0;; 12824; 9; 7; 7; 9;SIM;Makson
05/09/2022;0535;275/75R;110;PIRELLI;FR88; 0; 1;DE;NOVO;ESTOQUE;EXX-0001; 0;; 12824; 9; 7; 7; 8;SIM;Makson
05/09/2022;0536;275/75R;110;PIRELLI;FR88; 0; 1;ILEE;NOVO;TRASEIRO;PTO-4908; 115123;; ; 12; 12; 12; 11;SIM;Makson
05/09/2022;0537;275/75R;110;PIRELLI;FR88; 0; 1;ESTO;NOVO;Descartado;00000; 115123;137550; 22427; 12; 13; 13; 12;SIM;Makson
08/09/2022;0528;275/75R;110;PIRELLI;FR88; 0; 2;TDI;RECAPADO;TRASEIRO;ROF-3H84; 31752;; ; 13; 12; 12; 13;SIM;Makson
08/09/2022;0379;275/75R;110;GOODYEAR;KMAX-S; 0; 1;TEE;NOVO;TRASEIRO;ROF-3H84; 31752;; ; 8; 8; 8; 6;SIM;Makson
08/09/2022;0378;275/75R;110;GOODYEAR;KMAX-S; 0; 1;TEI;NOVO;TRASEIRO;ROF-3H84; 31752;; ; 5; 6; 6; 6;SIM;Makson
08/09/2022;0453;275/75R;110;PIRELLI;FR88; 0; 1;1LDE;NOVO;TRASEIRO;ROD-9B91; 22927;; ; 10; 10; 11; 9;SIM;Makson
08/09/2022;0454;275/75R;110;PIRELLI;FR88; 0; 1;1LDI;NOVO;TRASEIRO;ROD-9B91; 46141;; 20692; 10; 11; 11; 10;SIM;Makson
08/09/2022;0455;275/75R;110;PIRELLI;TR88; 0; 1;TDE;NOVO;TRASEIRO;ROF-6J85; 22927;; ; 10; 16; 16; 10;SIM;Makson
08/09/2022;0456;275/75R;110;PIRELLI;TR88; 0; 1;ESTO;NOVO;Descartado;00000; 46141;44880; 21953; 10; 14; 14; 7;NÃO;Makson
08/09/2022;0457;275/75R;110;PIRELLI;TR88; 0; 1;TDI;NOVO;TRASEIRO;ROF-6J85; 46734;; 21953; 10; 16; 15; 10;SIM;Makson
08/09/2022;0458;275/75R;110;PIRELLI;TR88; 0; 1;TEI;NOVO;TRASEIRO;ROF-6J85; 22927;; ; 9; 15; 13; 6;SIM;Makson
08/09/2022;0459;275/75R;110;GOODYEAR;KMAX-S; 0; 2;STP1;RECAPADO;ESTOQUE;EXX-0001; 0;; 21953; 14; 13; 13; 14;SIM;Makson
08/09/2022;0514;275/75R;100;PIRELLI;FR88; 0; 2;ESTO;RECAPADO;Descartado;00000; 123795;127643; 19450; 6; 6; 6; 6;NÃO;Makson
08/09/2022;0460;275/75R;110;PIRELLI;FR88; 0; 1;DE;NOVO;DIANTEIRO;0000; 154069;150469; -3600; 6; 6; 6; 3;NÃO;Makson
08/09/2022;0461;275/75R;110;PIRELLI;FR88; 0; 1;TDE;NOVO;DIANTEIRO;PTO-4908; 154069;; ; 8; 9; 9; 8;SIM;Makson
08/09/2022;0241;275/75R;100;GOODYEAR;KMAX-S; 0; 1;ESTO;NOVO;Descartado;00000; 151436;151436; 0; 9; 7; 7; 7;NÃO;Makson
08/09/2022;0244;275/75R;100;GOODYEAR;KMAX-S; 0; 1;ILDI;NOVO;TRASEIRO;ROG-9C07; 24827;; 16807; 6; 6; 6; 7;SIM;Makson
08/09/2022;0245;275/75R;100;GOODYEAR;KMAX-S; 0; 1;STP1;NOVO;STEP;PTP-1107; 151436;; ; 9; 9; 7; 9;SIM;Makson
08/09/2022;0195;275/75R;100;PIRELLI;FR88; 0; 1;STP1;NOVO;STEP;EXX-0001; 01;; ; 7; 7; 7; 7;SIM;Makson
09/09/2022;0462;215/75R;90;MICHELIN;XZE2; 0; 1;STP1;NOVO;STEP;OIX-9855; 192394;; ; 14; 14; 14; 14;SIM;Makson
12/09/2022;0967;275/75R;110;MICHELIN;X MULTI; 0; 2;STP1;RECAPADO;STEP;PTO-9332; 116466;; ; 7; 6; 5; 7;SIM;Makson
13/09/2022;0538;275/75R;100;BRIDGESTONE;R269; 0; 1;DE;NOVO;DIANTEIRO;PTN-9246; 117429;; ; 15; 15; 15; 15;SIM;Makson
13/09/2022;0539;275/75R;100;BRIDGESTONE;R269; 0; 1;DD;NOVO;DIANTEIRO;PTN-9246; 117429;; ; 15; 15; 15; 15;SIM;Makson
14/09/2022;0540;275/75R;110;GOODYEAR;KMAX-S; 0; 1;DE;NOVO;DIANTEIRO;PTP-1107; 152676;; 5011; 15; 15; 15; 15;SIM;Makson
14/09/2022;0541;275/75R;110;GOODYEAR;KMAX-S; 0; 1;DD;NOVO;DIANTEIRO;PTP-1107; 152672;; ; 15; 15; 15; 15;SIM;Makson
01/11/2022;0542;275/75R;110;GOODYEAR;KMAX-S; 0; 1;DE;NOVO;Descartado;00000; 0;124828; 134004; 14; 13; 13; 13;NÃO;Makson
01/11/2022;0543;275/75R;110;GOODYEAR;KMAX-S; 0; 1;STP1;NOVO;STEP;ROE-9J66; 54806;; 132247; 14; 14; 14; 14;SIM;Makson
29/12/2022;0272;275/75R;110;MICHELIN;X MULTI; 0; 2;ESTO;RECAPADO;Descartado;00000; 70423;69316; 722; 14; 14; 14; 14;NÃO;Makson
29/12/2022;0120;275;110;MICHELIN;X MULTI; 0; 2;STP1;RECAPADO;STEP;ROF-7B05; 19239;; ; 14; 14; 14; 14;SIM;Makson
29/12/2022;0551;215/75R;110;PIRELLI;MC-01; 0; 1;DE;NOVO;DIANTEIRO;ROO-1A68; 3032;; ; 14; 14; 14; 0;SIM;Makson
29/12/2022;0552;215/75R;110;PIRELLI;MC-01; 0; 1;DD;NOVO;DIANTEIRO;ROO-1A68; 3032;; ; 14; 14; 14; 0;SIM;Makson
29/12/2022;0553;215/75R;110;PIRELLI;MC-01; 0; 1;TEE;NOVO;TRASEIRO;ROO-1A68; 3032;; ; 14; 14; 14; 0;SIM;Makson
29/12/2022;0554;215/75R;110;PIRELLI;MC-01; 0; 1;TEI;NOVO;TRASEIRO;ROO-1A68; 3032;; ; 14; 14; 14; 0;SIM;Makson
29/12/2022;0555;215/75R;110;PIRELLI;MC-01; 0; 1;TDE;NOVO;TRASEIRO;ROO-1A68; 3032;; ; 14; 14; 14; 0;SIM;Makson
29/12/2022;0556;215/75R;110;PIRELLI;MC-01; 0; 1;TDI;NOVO;TRASEIRO;ROO-1A68; 3032;; ; 14; 14; 14; 0;SIM;Makson
29/12/2022;0557;215/75R;110;PIRELLI;MC-01; 0; 1;STP1;NOVO;STEP;ROO-1A68; 3032;; ; 14; 14; 14; 0;SIM;Makson
29/12/2022;0593;215/75R;110;PIRELLI;MC-01; 0; 1;DE;NOVO;DIANTEIRO;ROO-1A60; 3039;; ; 14; 14; 14; 0;SIM;Makson
29/12/2022;0594;215/75R;110;PIRELLI;MC-01; 0; 1;DD;NOVO;DIANTEIRO;ROO-1A60; 3039;; ; 14; 14; 14; 0;SIM;Makson
29/12/2022;0595;215/75R;110;PIRELLI;MC-01; 0; 1;TEE;NOVO;TRASEIRO;ROO-1A60; 3039;; ; 14; 14; 14; 0;SIM;Makson
29/12/2022;0596;215/75R;110;PIRELLI;MC-01; 0; 1;TEI;NOVO;TRASEIRO;ROO-1A60; 3039;; ; 14; 14; 14; 0;SIM;Makson
29/12/2022;0597;215/75R;110;PIRELLI;MC-01; 0; 1;TDE;NOVO;TRASEIRO;ROO-1A60; 3039;; ; 14; 14; 14; 0;SIM;Makson
29/12/2022;0598;215/75R;110;PIRELLI;MC-01; 0; 1;TDI;NOVO;TRASEIRO;ROO-1A60; 3039;; ; 14; 14; 14; 0;SIM;Makson
29/12/2022;0599;215/75R;110;PIRELLI;MC-01; 0; 1;STP1;NOVO;ESTOQUE;EXX-0001; 0;; 0; 14; 14; 14; 0;SIM;Makson
29/12/2022;0586;215/75R;110;PIRELLI;MC-01; 0; 1;DE;NOVO;DIANTEIRO;ROO-1A74; 3142;; ; 13; 13; 13; 0;SIM;Makson
29/12/2022;0587;215/75R;110;PIRELLI;MC-01; 0; 1;DD;NOVO;DIANTEIRO;ROO-1A74; 3142;; ; 13; 13; 13; 0;SIM;Makson
29/12/2022;0588;215/75R;110;PIRELLI;MC-01; 0; 1;TEE;NOVO;TRASEIRO;ROO-1A74; 3142;; ; 13; 13; 13; 0;SIM;Makson
29/12/2022;0589;215/75R;110;PIRELLI;MC-01; 0; 1;TEI;NOVO;TRASEIRO;ROO-1A74; 3142;; ; 13; 13; 13; 0;SIM;Makson
29/12/2022;0590;215/75R;110;PIRELLI;MC-01; 0; 1;TDE;NOVO;TRASEIRO;ROO-1A74; 3142;; ; 13; 13; 13; 0;SIM;Makson
29/12/2022;0591;215/75R;110;PIRELLI;MC-01; 0; 1;TDI;NOVO;TRASEIRO;ROO-1A74; 3142;; ; 13; 13; 13; 0;SIM;Makson
29/12/2022;0692;215/75R;110;GOODYEAR;RHS; 0; 1;STP1;encapado;STEP;ROO-1A74; 3142;; ; 8; 7; 7; 0;SIM;Makson
29/12/2022;0544;215/75R;110;GOODYEAR;RHS; 0; 1;DE;NOVO;DIANTEIRO;ROO-1A81; 997;; ; 14; 14; 0; 0;SIM;Makson
29/12/2022;0545;215/75R;110;GOODYEAR;RHS; 0; 1;DD;NOVO;DIANTEIRO;ROO-1A81; 997;; ; 14; 14; 0; 0;SIM;Makson
29/12/2022;0548;215/75R;110;GOODYEAR;RHS; 0; 1;TEE;NOVO;TRASEIRO;ROO-1A81; 997;; ; 14; 14; 0; 0;SIM;Makson
29/12/2022;0549;215/75R;110;GOODYEAR;RHS; 0; 1;TEI;NOVO;TRASEIRO;ROO-1A81; 997;; ; 14; 14; 0; 0;SIM;Makson
29/12/2022;0546;215/75R;110;GOODYEAR;RHS; 0; 1;TDE;NOVO;TRASEIRO;ROO-1A81; 997;; ; 14; 14; 0; 0;SIM;Makson
29/12/2022;0547;215/75R;110;GOODYEAR;RHS; 0; 1;TDI;NOVO;TRASEIRO;ROO-1A81; 997;; ; 14; 14; 0; 0;SIM;Makson
29/12/2022;0550;215/75R;110;PIRELLI;MC-01; 0; 1;STP1;NOVO;STEP;ROO-1A81; 997;; ; 14; 14; 0; 0;SIM;Makson
30/12/2022;0607;275;110;FIRESTONE;F5440; 0; 1;DE;NOVO;DIANTEIRO;ROE-9F05; 58448;; ; 14; 14; 14; 14;SIM;Makson
30/12/2022;0608;275;110;FIRESTONE;F5440; 0; 1;DD;NOVO;DIANTEIRO;ROE-9F05; 58448;; ; 14; 14; 14; 14;SIM;Makson
03/01/2023;915;275;110;GOODYEAR;KMAX; 0; 2;ESTO;OK;Descartado;00000; 133072;112836; 0; 11; 11; 11; 10;NÃO;Gilvan 
04/01/2023;0623;275/75R;1100;FIRESTONE;FS440; 0; 1;DE;OK;DIANTEIRO;ROE-9J66; 54806;; ; 14; 14; 14; 14;SIM;Gilvan 
04/01/2023;0622;275/75R;110;FIRESTONE;FS440; 0; 1;DD;OK;DIANTEIRO;ROE-9J66; 54806;; ; 14; 14; 14; 14;SIM;Gilvan 
04/01/2023;0624;275/75R;110;PIRELLI;FR88; 0; 1;DD;OK;DIANTEIRO;PTO-4479; 119915;; ; 12; 12; 12; 12;SIM;Gilvan 
05/01/2023;0616;275/75R;110;FIRESTONE;FS440; 0; 1;DD;ok;DIANTEIRO;ROG-0G63; 46754;; ; 14; 14; 14; 14;SIM;Gilvan 
05/01/2023;0617;275/75R;110;FIRESTONE;FS440; 0; 1;DE;NOVO;DIANTEIRO;ROG-0G63; 46754;; ; 14; 14; 14; 14;SIM;Gilvan 
05/01/2023;0625;275/75R;110;MICHELIN;KMAX-S; 0; 2;ESTO;RECAPADO;Descartado;00000; 51190;46754; 0; 14; 14; 14; 14;NÃO;Gilvan 
05/01/2023;0609;215/75R;110;PIRELLI;MC-01; 0; 1;DE;NOVO;DIANTEIRO;ROO-4A86; 7448;; ; 14; 14; 14; 14;SIM;Gilvan 
05/01/2023;0610;215/75R;110;PIRELLI;MC-01; 0; 1;DD;NOVO;DIANTEIRO;ROO-4A86; 7448;; ; 14; 14; 14; 14;SIM;Gilvan 
05/01/2023;0611;215/75R;110;PIRELLI;MC-01; 0; 1;TEE;NOVO;TRASEIRO;ROO-4A86; 7448;; ; 14; 14; 14; 14;SIM;Gilvan 
05/01/2023;0612;215/75R;110;PIRELLI;MC-01; 0; 1;TEI;NOVO;TRASEIRO;ROO-4A86; 7448;; ; 14; 14; 14; 14;SIM;Gilvan 
05/01/2023;0613;215/75R;110;PIRELLI;MC-01; 0; 1;TDE;NOVO;TRASEIRO;ROO-4A86; 7448;; ; 14; 14; 14; 14;SIM;Gilvan 
05/01/2023;0614;215/75R;110;PIRELLI;MC-01; 0; 1;TDI;NOVO;TRASEIRO;ROO-4A86; 7448;; ; 14; 14; 14; 14;SIM;Gilvan 
05/01/2023;0615;215/75R;110;PIRELLI;MC-01; 0; 1;STP1;NOVO;TRASEIRO;ROO-4A86; 7448;; ; 14; 14; 14; 14;SIM;Gilvan 
05/01/2023;0626;275/75R;110;PIRELLI;FR88; 0; 1;ESTO;NOVO;Descartado;00000; 40245;38076; 0; 14; 14; 14; 14;NÃO;Gilvan 
05/01/2023;0865;275/75R;1100;BFGOODRICH;ST250; 0; 2;TEI;RECAPADO;TRASEIRO;PTO-9335; 0;; 0; 14; 11; 11; 12;SIM;Gilvan 
05/01/2023;837;275/75R;110;MICHELIN;X MULTI; 0; 1;ESTO;OK;Descartado;00000; 108193;123795; 15602; 10; 10; 10; 10;NÃO;Gilvan 
05/01/2023;0696;275/75R;110;GOODYEAR;KMAX-S; 0; 2;STP1;RECAPADO;TRASEIRO;PTN-9246; 117429;; ; 14; 14; 14; 14;SIM;Gilvan 
05/01/2023;0693;275/75R;110;FIRESTONE;FS440; 0; 1;DE;NOVO;DIANTEIRO;ROF-7B10; 39000;; 136443; 14; 14; 14; 14;SIM;Gilvan 
05/01/2023;0694;275/75R;110;FIRESTONE;FS440; 0; 1;TEI;NOVO;TRASEIRO;PTO-8040; 39000;; 136443; 14; 14; 14; 14;SIM;Gilvan 
05/01/2023;618;275/75R;110;GOODYEAR;X MULTI; 0; 1;DE;NOVO;DIANTEIRO;ROD-9D39; 44897;; ; 14; 14; 14; 14;SIM;Gilvan 
05/01/2023;619;275/75R;110;GOODYEAR;KMAX-S; 0; 1;DD;NOVO;DIANTEIRO;ROD-9D39; 44897;; ; 14; 14; 14; 14;SIM;Gilvan 
07/01/2023;0695;275/75R;110;PIRELLI;FR88; 0; 1;DD;NOVO;TRASEIRO;PTN-9186; 99080;; ; 14; 14; 14; 14;SIM;Gilvan 
10/01/2023;0600;215/75R;100;PIRELLI;MC-01; 0; 1;DE;NOVO;DIANTEIRO;ROO-4B11; 7256;; ; 14; 14; 14; 0;SIM;ALEXANDRE MENDES DE SOUSA
10/01/2023;0601;215/75R;100;PIRELLI;MC-01; 0; 1;DD;NOVO;DIANTEIRO;ROO-4B11; 7256;; ; 14; 14; 14; 0;SIM;ALEXANDRE MENDES DE SOUSA
10/01/2023;0602;215/75R;100;PIRELLI;MC-01; 0; 1;TEE;NOVO;TRASEIRO;ROO-4B11; 7256;; ; 14; 14; 14; 0;SIM;ALEXANDRE MENDES DE SOUSA
10/01/2023;0603;215/75R;100;PIRELLI;MC-01; 0; 1;TEI;NOVO;TRASEIRO;ROO-4B11; 7256;; ; 14; 14; 14; 0;SIM;ALEXANDRE MENDES DE SOUSA
10/01/2023;0604;215/75R;100;PIRELLI;MC-01; 0; 1;TDE;NOVO;TRASEIRO;ROO-4B11; 7256;; ; 14; 14; 14; 0;SIM;ALEXANDRE MENDES DE SOUSA
10/01/2023;0605;215/75R;100;PIRELLI;MC-01; 0; 1;TDI;NOVO;TRASEIRO;ROO-4B11; 7256;; ; 14; 14; 14; 0;SIM;ALEXANDRE MENDES DE SOUSA
10/01/2023;0606;215/75R;100;PIRELLI;MC-01; 0; 1;STP1;NOVO;STEP;ROO-4B11; 7256;; ; 14; 14; 14; 0;SIM;ALEXANDRE MENDES DE SOUSA
10/01/2023;620;275/75R;100;PIRELLI;FR88; 0; 1;DD;NOVO;DIANTEIRO;ROE-9F23; 14233;; ; 14; 14; 14; 14;SIM;Gilvan 
10/01/2023;621;275/75R;110;PIRELLI;FR88; 0; 1;DE;NOVO;DIANTEIRO;ROE-9F23; 14233;; ; 14; 14; 14; 14;SIM;Gilvan 
12/01/2023;044;275/75R;110;GOODYEAR;KMAX-S; 0; 1;ESTO;NOVO;ESTOQUE;EXX-0001; 59603;; ; 11; 6; 6; 6;SIM;Gilvan 
14/01/2023;0698;215/75R;100;PIRELLI;MC-01; 0; 1;DE;NOVO;DIANTEIRO;ROO-1F75; 1892;; ; 14; 14; 14; 0;SIM;ALEXANDRE MENDES DE SOUSA
14/01/2023;0699;215/75R;100;PIRELLI;MC-01; 0; 1;DD;NOVO;DIANTEIRO;ROO-1F75; 1892;; ; 14; 14; 14; 0;SIM;ALEXANDRE MENDES DE SOUSA
14/01/2023;0700;215/75R;100;PIRELLI;MC-01; 0; 1;TEE;NOVO;TRASEIRO;ROO-1F75; 1892;; ; 14; 14; 14; 0;SIM;ALEXANDRE MENDES DE SOUSA
14/01/2023;0701;215/75R;100;PIRELLI;MC-01; 0; 1;TEI;NOVO;TRASEIRO;ROO-1F75; 1892;; ; 14; 14; 14; 0;SIM;ALEXANDRE MENDES DE SOUSA
14/01/2023;0702;215/75R;100;PIRELLI;MC-01; 0; 1;TDE;NOVO;TRASEIRO;ROO-1F75; 1892;; ; 14; 14; 14; 0;SIM;ALEXANDRE MENDES DE SOUSA
14/01/2023;0703;215/75R;100;PIRELLI;MC-01; 0; 1;TDI;NOVO;TRASEIRO;ROO-1F75; 1892;; ; 14; 14; 14; 0;SIM;ALEXANDRE MENDES DE SOUSA
14/01/2023;0704;215/75R;100;PIRELLI;MC-01; 0; 1;STP1;NOVO;STEP;ROO-1F75; 1892;; ; 14; 14; 14; 0;SIM;ALEXANDRE MENDES DE SOUSA
17/01/2023;0697;275/75R;100;PIRELLI;FR88; 0; 1;ESTO;NOVO;ESTOQUE;EXX-0001; 132419;; 919; 1; 1; 1; 1;SIM;Gilvan 
17/01/2023;275;275/75R;110;GOODYEAR;KMAX; 0; 1;TEI;NOVO;TRASEIRO;ROD-9B94; 21495;; ; 7; 6; 5; 8;SIM;Gilvan 
17/01/2023;0713;275/75R;110;MICHELIN;X MULTI; 0; 2;TEE;RECAPADO;TRASEIRO;PTO-1758; 59722;; ; 11; 9; 8; 11;SIM;ALEXANDRE MENDES DE SOUSA
17/01/2023;0712;275/75R;110;MICHELIN;X MULTI; 0; 2;TDI;RECAPADO;TRASEIRO;PTO-1758; 59722;; ; 9; 8; 10; 7;SIM;ALEXANDRE MENDES DE SOUSA
18/01/2023;0717;275/75R;110;BFGOODRICH;ST250; 0; 1;DE;NOVO;DIANTEIRO;PTO-8040; 141460;; ; 14; 14; 14; 14;SIM;ALEXANDRE MENDES DE SOUSA
18/01/2023;0716;275/75R;110;BFGOODRICH;ST250; 0; 1;DD;NOVO;DIANTEIRO;PTO-8040; 141460;; ; 14; 14; 14; 14;SIM;ALEXANDRE MENDES DE SOUSA
18/01/2023;0709;275/75R;110;BFGOODRICH;ST250; 0; 1;DE;NOVO;DIANTEIRO;ROD-9B94; 21495;; ; 14; 14; 14; 14;SIM;ALEXANDRE MENDES DE SOUSA
18/01/2023;0708;275/75R;110;BFGOODRICH;ST250; 0; 1;DD;NOVO;DIANTEIRO;ROD-9B94; 21495;; ; 14; 14; 14; 14;SIM;ALEXANDRE MENDES DE SOUSA
18/01/2023;0711;275/75R;110;MICHELIN;X MULTI; 0; 2;TEE;RECAPADO;TRASEIRO;PTO-0514; 72238;; 1936; 6; 4; 5; 9;SIM;ALEXANDRE MENDES DE SOUSA
18/01/2023;0710;275/75R;110;MICHELIN;X MULTI; 0; 2;ESTO;RECAPADO;Descartado;00000; 72238;703024; 632722; 4; 3; 3; 4;NÃO;ALEXANDRE MENDES DE SOUSA
19/01/2023;0718;275/75R;110;PIRELLI;FR88; 0; 1;ESTO;NOVO;Descartado;00000; 45883;44881; 0; 7; 8; 8; 5;NÃO;Gilvan 
19/01/2023;0719;275/75R;110;PIRELLI;FR88; 0; 1;ESTO;NOVO;Descartado;00000; 45883;44881; 0; 9; 9; 9; 8;NÃO;Gilvan 
19/01/2023;0720;275/75R;110;PIRELLI;FR88; 0; 2;ILDE;RECAPADO;TRASEIRO;ROF-3H84; 44881;; ; 16; 16; 16; 16;SIM;Gilvan 
19/01/2023;0721;275/75R;110;GOODYEAR;KMAX; 0; 2;STP1;RECAPADO;STEP;ROF-3H84; 44881;; ; 16; 16; 16; 16;SIM;Gilvan 
19/01/2023;0722;275/75R;110;GOODYEAR;KMAX; 0; 2;ESTO;RECAPADO;Descartado;00000; 116721;115054; 0; 5; 4; 4; 7;NÃO;Gilvan 
19/01/2023;0723;275/75R;110;GOODYEAR;KMAX-S; 0; 2;DE;RECAPADO;DIANTEIRO;PTO-8200; 176362;; 0; 9; 9; 10; 9;SIM;Gilvan 
20/01/2023;0724;275/75R;110;GOODYEAR;KMAX; 0; 1;DD;NOVO;DIANTEIRO;PTO-8200; 174648;; ; 14; 14; 14; 14;SIM;Gilvan 
20/01/2023;0729;275/75R;110;BRIDGESTONE;R268; 0; 1;DD;NOVO;DIANTEIRO;ROF-7A05; 42625;; ; 12; 12; 12; 11;SIM;Gilvan 
20/01/2023;0730;275/75R;110;PIRELLI;FR88; 0; 1;STP1;RECAPADO;STEP;ROF-7A05; 42625;; ; 14; 14; 14; 14;SIM;Gilvan 
20/01/2023;0728;275/75R;110;GOODYEAR;KMAX; 0; 1;TEE;NOVO;TRASEIRO;PTP-0173; 115058;; 1714; 14; 14; 14; 14;SIM;Gilvan 
20/01/2023;0725;275/75R;110;PIRELLI;FR88; 0; 2;STP1;RECAPADO;STEP;PTO-8200; 174648;; ; 5; 4; 4; 4;SIM;ALEXANDRE MENDES DE SOUSA
21/01/2023;0731;215/75R;110;BRIDGESTONE;MB14; 0; 1;DE;NOVO;DIANTEIRO;QCG-9H67; 159201;; ; 13; 13; 0; 0;SIM;Gilvan 
21/01/2023;0732;215/75R;110;BRIDGESTONE;MB14; 0; 1;DD;NOVO;DIANTEIRO;QCG-9H67; 159201;; ; 13; 13; 0; 0;SIM;Gilvan 
21/01/2023;0733;215/75R;110;GOODYEAR;RHS; 0; 1;TDE;NOVO;TRASEIRO;QCG-9H67; 159201;; ; 14; 14; 14; 14;SIM;Gilvan 
21/01/2023;0735;215/75R;110;MICHELIN;XZE2; 0; 1;STP1;NOVO;STEP;QCG-9H67; 159201;; ; 14; 14; 14; 14;SIM;Gilvan 
21/01/2023;0734;215/75R;110;MICHELIN;XZE2; 0; 1;TDI;NOVO;TRASEIRO;QCG-9H67; 159201;; ; 14; 14; 14; 14;SIM;Gilvan 
24/01/2023;0737;275/75R;110;GOODYEAR;KMAX; 0; 1;DE;NOVO;DIANTEIRO;PTO-0514; 136443;; ; 14; 14; 14; 14;SIM;Gilvan 
24/01/2023;0738;275/75R;110;GOODYEAR;KMAX; 0; 1;DD;NOVO;DIANTEIRO;PTO-0514; 136443;; ; 14; 14; 14; 14;SIM;Gilvan 
24/01/2023;0739;275/75R;110;GOODYEAR;KMAX; 0; 1;DE;NOVO;DIANTEIRO;ROE-9J69; 44717;; ; 14; 14; 14; 14;SIM;Gilvan 
24/01/2023;0740;275/75R;110;GOODYEAR;KMAX; 0; 1;DD;NOVO;DIANTEIRO;ROE-9J69; 44717;; ; 14; 14; 14; 14;SIM;Gilvan 
25/01/2023;0741;275/75R;110;PIRELLI;FR88; 0; 1;TEE;NOVO;TRASEIRO;ROF-6J85; 46141;; ; 14; 11; 0; 0;SIM;Gilvan 
25/01/2023;0742;275/75R;110;PIRELLI;FR88; 0; 1;ESTO;NOVO;Descartado;00000; 46734;46141; 0; 13; 13; 0; 0;NÃO;Gilvan 
01/02/2023;0750;275/75R;110;GOODYEAR;KMAX; 0; 1;DE;NOVO;DIANTEIRO;PTO-4489; 135483;; ; 14; 14; 0; 0;SIM;Gilvan 
01/02/2023;0751;275/75R;110;GOODYEAR;KMAX; 0; 1;DD;NOVO;DIANTEIRO;PTO-4489; 135483;; ; 14; 14; 0; 0;SIM;Gilvan 
01/02/2023;0714;275/75R;110;BFGOODRICH;ST250; 0; 1;DE;NOVO;DIANTEIRO;PTO-4459; 133072;; ; 14; 14; 14; 14;SIM;Gilvan 
01/02/2023;0715;275/75R;110;BFGOODRICH;ST250; 0; 1;DD;NOVO;DIANTEIRO;PTO-4459; 133072;; ; 14; 14; 14; 14;SIM;Gilvan 
01/02/2023;00460;275/75R;110;PIRELLI;FR88; 0; 1;TEI;RECAPADO;TRASEIRO;PTO-4459; 116014;; ; 13; 13; 14; 14;SIM;Gilvan 
03/02/2023;0273;275/75R;110;PIRELLI;FR88; 0; 2;TEI;RECAPADO;TRASEIRO;ROD-9D39; 52857;; ; 10; 7; 8; 10;SIM;Gilvan 
04/02/2023;0761;275/75R;110;PIRELLI;FR88; 0; 1;DD;NOVO;DIANTEIRO;PTP-0233; 96235;; ; 12; 13; 13; 12;SIM;ALEXANDRE MENDES DE SOUSA
04/02/2023;0762;275/75R;110;PIRELLI;FR88; 0; 2;TEI;NOVO;TRASEIRO;PTP-0233; 96235;; ; 14; 14; 14; 14;SIM;ALEXANDRE MENDES DE SOUSA
04/02/2023;0758;275/75R;110;BRIDGESTONE;R268; 0; 1;DD;NOVO;DIANTEIRO;ROG-0G60; 42600;; ; 14; 14; 14; 14;SIM;ALEXANDRE MENDES DE SOUSA
04/02/2023;0757;275/75R;110;BRIDGESTONE;R268; 0; 1;TDI;NOVO;TRASEIRO;ROG-0G60; 42600;; ; 15; 15; 15; 15;SIM;ALEXANDRE MENDES DE SOUSA
04/02/2023;0759;275/75R;110;GOODYEAR;KMAX-S; 0; 2;STP1;RECAPADO;STEP;ROG-0G60; 42600;; ; 14; 14; 14; 14;SIM;ALEXANDRE MENDES DE SOUSA
04/02/2023;0755;275/75R;110;GOODYEAR;KMAX-S; 0; 1;DE;NOVO;DIANTEIRO;PTO-0524; 68413;; ; 14; 14; 0; 0;SIM;ALEXANDRE MENDES DE SOUSA
04/02/2023;0756;275/75R;110;GOODYEAR;KMAX-S; 0; 1;DD;NOVO;DIANTEIRO;PTO-0524; 68413;; ; 14; 14; 0; 0;SIM;ALEXANDRE MENDES DE SOUSA
04/02/2023;0760;275/75R;100;MICHELIN;X MULTI; 0; 2;ILEE;RECAPADO;TRASEIRO;ROF-3I05; 44379;; ; 4; 3; 3; 4;SIM;ALEXANDRE MENDES DE SOUSA
08/02/2023;0770;275/75R;110;BRIDGESTONE;R268; 0; 1;DE;NOVO;DIANTEIRO;ROG-9C07; 48887;; ; 14; 14; 14; 14;SIM;ALEXANDRE MENDES DE SOUSA
13/02/2023;0753;275/75R;110;GOODYEAR;KMAX-S; 0; 1;DD;NOVO;DIANTEIRO;PTO-9252; 129839;; ; 14; 14; 0; 0;SIM;ALEXANDRE MENDES DE SOUSA
13/02/2023;0752;275/75R;110;GOODYEAR;KMAX-S; 0; 1;DE;NOVO;DIANTEIRO;PTO-9252; 129839;; ; 14; 14; 0; 0;SIM;ALEXANDRE MENDES DE SOUSA
13/02/2023;0776;275/75R;100;PIRELLI;FR88; 0; 2;TDE;RECAPADO;TRASEIRO;PTO-9312; 154509;; ; 14; 14; 14; 14;SIM;ALEXANDRE MENDES DE SOUSA
20/02/2023;0766;275/75R;100;PIRELLI;FR88; 0; 2;TEI;RECAPADO;TRASEIRO;PTP-1107; 171519;; ; 14; 14; 14; 14;SIM;ALEXANDRE MENDES DE SOUSA
20/02/2023;0767;275/75R;100;PIRELLI;FR88; 0; 2;TDI;RECAPADO];TRASEIRO;PTP-1107; 171519;; ; 14; 14; 14; 14;SIM;ALEXANDRE MENDES DE SOUSA
27/02/2023;0840;275/75R;110;GOODYEAR;KMAX-S; 0; 1;DE;NOVO;DIANTEIRO;ROE-9F11; 63599;; ; 14; 14; 0; 0;SIM;ALEXANDRE MENDES DE SOUSA
27/02/2023;0841;275/75R;110;GOODYEAR;KMAX-S; 0; 1;DD;NOVO;DIANTEIRO;ROE-9F11; 63599;; ; 14; 14; 0; 0;SIM;ALEXANDRE MENDES DE SOUSA
28/02/2023;0780;275/75R;100;PIRELLI;FR88; 0; 2;ILDE;RECAPADO;TRASEIRO;ROG-0G55; 126729;; ; 14; 14; 14; 14;SIM;ALEXANDRE MENDES DE SOUSA
28/02/2023;0781;275/75R;100;PIRELLI;FR88; 0; 2;STP1;RECAPADO;TRASEIRO;ROG-0G55; 126729;; ; 10; 10; 10; 10;SIM;ALEXANDRE MENDES DE SOUSA
28/02/2023;0842;275/75R;100;MICHELIN;X MULTI; 0; 2;TEE;RECAPADO;TRASEIRO;ROG-0G55; 126729;; ; 13; 10; 11; 11;SIM;ALEXANDRE MENDES DE SOUSA
01/03/2023;0845;275/75R;110;CONTINENTAL  ;HSR2; 0; 1;DE;NOVO;DIANTEIRO;ROF-6J85; 49781;; ; 19; 19; 19; 19;SIM;ALEXANDRE MENDES DE SOUSA
01/03/2023;0846;275/75R;110;CONTINENTAL  ;HSR2; 0; 1;DD;NOVO;DIANTEIRO;ROF-6J85; 49781;; ; 19; 19; 19; 19;SIM;ALEXANDRE MENDES DE SOUSA
01/03/2023;0847;275/75R;100;GOODYEAR;KMAX-S; 0; 2;TEE;RECAPADO;TRASEIRO;ROD-9B94; 76709;; ; 7; 5; 7; 10;SIM;ALEXANDRE MENDES DE SOUSA
03/03/2023;0856;275/75R;110;GOODYEAR;G658; 0; 1;DE;NOVO;DIANTEIRO;PTO-1758; 60865;; ; 19; 19; 19; 19;SIM;ALEXANDRE MENDES DE SOUSA
03/03/2023;0857;275/75R;110;GOODYEAR;G658; 0; 1;DD;NOVO;DIANTEIRO;PTO-1758; 60865;; ; 19; 19; 19; 19;SIM;ALEXANDRE MENDES DE SOUSA
06/03/2023;0860;275/75R;100;CONTINENTAL ;HSR2; 0; 1;DE;NOVO;DIANTEIRO;PTO-5320; 126572;; ; 19; 19; 19; 19;SIM;Caio
06/03/2023;0861;275/75R;110;CONTINENTAL ;HSR2; 0; 1;DD;NOVO;DIANTEIRO;PTO-5320; 126572;; ; 19; 19; 19; 19;SIM;Caio
06/03/2023;0862;275/75R;100;CONTINENTAL ;HSR2; 0; 1;TDE;NOVO;DIANTEIRO;PTO-5320; 126572;; ; 10; 7; 7; 8;SIM;Caio
08/03/2023;0867;275/75R;110;GOODYEAR;KMAX-S; 0; 1;DE;NOVO;DIANTEIRO;PTO-9332; 137082;; ; 14; 14; 14; 14;SIM;ALEXANDRE MENDES DE SOUSA
08/03/2023;0868;275/75R;110;GOODYEAR;KMAX-S; 0; 1;DD;NOVO;DIANTEIRO;PTO-9332; 137082;; ; 14; 14; 14; 14;SIM;ALEXANDRE MENDES DE SOUSA
16/03/2023;0890;275/75R;110;GOODYEAR;G658; 0; 1;DE;NOVO;DIANTEIRO;PTO-4469; 121423;; ; 19; 19; 19; 19;SIM;ALEXANDRE MENDES DE SOUSA
16/03/2023;0891;275;110;GOODYEAR;G658; 0; 1;DD;NOVO;DIANTEIRO;PTO-4469; 121423;; ; 19; 19; 19; 19;SIM;ALEXANDRE MENDES DE SOUSA
17/03/2023;0892;275/75R;110;GOODYEAR;HSR2; 0; 1;DE;NOVO;DIANTEIRO;PTO-9335; 163176;; ; 19; 19; 19; 19;SIM;Caio
17/03/2023;0893;275/75R;110;GOODYEAR;HSR2; 0; 1;DD;NOVO;DIANTEIRO;PTO-9335; 163176;; ; 19; 19; 19; 19;SIM;Caio
17/03/2023;0894;275/75R;100;PIRELLI;FR88; 0; 2;TDI;RECAPADO;TRASEIRO;PTO-9335; 163176;; ; 14; 14; 14; 14;SIM;Caio
17/03/2023;0726;275/75R;110;GOODYEAR;KMAX-S; 0; 1;DE;NOVO;DIANTEIRO;PTO-4908; 182154;; ; 14; 14; 0; 0;SIM;ALEXANDRE MENDES DE SOUSA
17/03/2023;0727;275/75R;110;GOODYEAR;KMAX-S; 0; 1;DD;NOVO;DIANTEIRO;PTO-4908; 182154;; ; 14; 14; 0; 0;SIM;ALEXANDRE MENDES DE SOUSA
20/03/2023;0896;275/75R;100;GOODYEAR;KMAX-S; 0; 2;STP1;RECAPADO;STEP;ROE-9F23; 77582;; ; 12; 10; 10; 12;SIM;ALEXANDRE MENDES DE SOUSA
22/03/2023;0897;275/75R;100;PIRELLI;FR88; 0; 2;TDI;RECAPADO;TRASEIRO;ROE-9J66; 65216;; ; 13; 11; 0; 0;SIM;ALEXANDRE MENDES DE SOUSA
22/03/2023;0900;275/75R;100;MICHELIN;X MULTI; 0; 2;TDE;RECAPADO;TRASEIRO;PTO-4459; 138745;; ; 14; 14; 14; 14;SIM;ALEXANDRE MENDES DE SOUSA
23/03/2023;0901;275/75R;100;MICHELIN;X MULTI; 0; 2;TEE;RECAPADO;TRASEIRO;ROD-9B91; 48352;; ; 13; 13; 12; 14;SIM;ALEXANDRE MENDES DE SOUSA
23/03/2023;0902;275/75R;100;BRIDGESTONE;R268; 0; 2;ILEI;RECAPADO;TRASEIRO;ROD-9B91; 48352;; ; 14; 14; 14; 14;SIM;ALEXANDRE MENDES DE SOUSA
23/03/2023;0903;275/75R;100;MICHELIN;KMAX-S; 0; 2;TDE;RECAPADO;TRASEIRO;ROD-9B91; 48352;; ; 12; 11; 11; 13;SIM;ALEXANDRE MENDES DE SOUSA
23/03/2023;0904;275/75R;100;MICHELIN;KMAX-S; 0; 2;STP1;RECAPADO;TRASEIRO;ROD-9B91; 48352;; ; 14; 12; 9; 11;SIM;ALEXANDRE MENDES DE SOUSA
23/03/2023;0905;275/75R;110;FIRESTONE;FS440; 0; 1;DD;NOVO;DIANTEIRO;ROF-7B10; 239376;; ; 14; 14; 14; 14;SIM;ALEXANDRE MENDES DE SOUSA
24/03/2023;0907;275/75R;100;GOODYEAR;KMAX-S; 0; 2;TEE;RECAPADO;TRASEIRO;PTO-4429; 138791;; ; 14; 14; 14; 14;SIM;ALEXANDRE MENDES DE SOUSA
24/03/2023;0908;275/75R;100;GOODYEAR;KMAX-S; 0; 2;TEI;RECAPADO;TRASEIRO;PTO-4429; 138791;; ; 14; 14; 14; 14;SIM;ALEXANDRE MENDES DE SOUSA
24/03/2023;0909;275/75R;100;PIRELLI;FR88; 0; 2;TDE;RECAPADO;TRASEIRO;PTO-4429; 138791;; ; 14; 14; 14; 14;SIM;ALEXANDRE MENDES DE SOUSA
24/03/2023;0910;275/75R;100;BFGOODRICH;ST250; 0; 2;STP1;RECAPADO;TRASEIRO;PTO-4429; 138791;; ; 9; 9; 9; 9;SIM;ALEXANDRE MENDES DE SOUSA
27/03/2023;0914;275/75R;100;GOODYEAR;KMAX-S; 0; 2;TEE;RECAPADO;TRASEIRO;PTO-0494; 122436;; ; 9; 10; 10; 14;SIM;ALEXANDRE MENDES DE SOUSA
27/03/2023;0915;275/75R;100;MICHELIN;X MULTI; 0; 2;TDE;RECAPADO;TRASEIRO;PTO-0494; 122436;; ; 10; 7; 7; 12;SIM;ALEXANDRE MENDES DE SOUSA
30/03/2023;0919;275/75R;110;GOODYEAR;HSR2; 0; 1;DE;NOVO;DIANTEIRO;PTO-9262; 139133;; ; 19; 19; 19; 19;SIM;ALEXANDRE MENDES DE SOUSA
30/03/2023;0920;275/75R;110;GOODYEAR;HSR2; 0; 1;DD;NOVO;DIANTEIRO;PTO-9262; 139153;; ; 19; 19; 19; 19;SIM;ALEXANDRE MENDES DE SOUSA
17/05/2023;1234;275/75R;115;PIRELLI;FR88; 0123; 2;1;1;TRASEIRO;PTT-9B60; 10000;; 3000; 15; 15; 15; 15;SIM;André Santos